Employee_ID,Employee_Name,Gender,Department_ID,Designation,Location,Joining_Date,Employment_Type
EMP0001,Sneha Iyer,Male,D004,Sales Executive,Delhi,2019-08-04,Full-Time
EMP0002,Priya Verma,Female,D008,Senior Admin Executive,Chennai,2022-05-08,Full-Time
EMP0003,Sneha Iyer,Female,D006,Operations Manager,Pune,2019-02-16,Full-Time
EMP0004,Rahul Kumar,Male,D005,Marketing Analyst,Mumbai,2020-01-26,Full-Time
EMP0005,Aisha Iyer,Female,D001,Manager,Bengaluru,2020-12-27,Full-Time
EMP0006,Aditya Joshi,Male,D001,Senior Software Engineer,Bengaluru,2020-09-06,Full-Time
EMP0007,Diya Iyer,Male,D001,Software Engineer,Bengaluru,2022-04-09,Full-Time
EMP0008,Aarav Mehta,Male,D007,Support Executive,Hyderabad,2022-10-04,Full-Time
EMP0009,Ira Mehta,Male,D005,Marketing Analyst,Mumbai,2019-11-07,Full-Time
EMP0010,Sneha Mehta,Female,D006,Operations Executive,Pune,2024-03-29,Contract
EMP0011,Nikhil Das,Male,D001,Software Engineer,Bengaluru,2019-09-29,Part-Time
EMP0012,Ira Das,Male,D008,Admin Analyst,Chennai,2020-01-24,Full-Time
EMP0013,Aarav Rao,Female,D007,Support Executive,Hyderabad,2019-05-26,Full-Time
EMP0014,Kabir Verma,Male,D002,Finance Manager,Mumbai,2021-08-21,Full-Time
EMP0015,Vivaan Reddy,Female,D002,Senior Accountant,Mumbai,2022-08-18,Full-Time
EMP0016,Neha Mehta,Male,D002,Finance Analyst,Mumbai,2023-05-27,Contract
EMP0017,Aditya Menon,Male,D003,HR Executive,Bengaluru,2021-04-04,Full-Time
EMP0018,Sneha Mehta,Male,D005,Marketing Executive,Mumbai,2020-12-27,Part-Time
EMP0019,Aditya Nair,Male,D004,Sales Executive,Delhi,2021-04-29,Full-Time
EMP0020,Ananya Reddy,Female,D003,HR Analyst,Bengaluru,2025-07-04,Part-Time
EMP0021,Rahul Chopra,Male,D005,Marketing Executive,Mumbai,2022-05-03,Contract
EMP0022,Rohan Menon,Female,D001,Senior Software Engineer,Bengaluru,2021-08-12,Full-Time
EMP0023,Ira Joshi,Male,D003,HR Analyst,Bengaluru,2021-07-02,Full-Time
EMP0024,Aditya Menon,Female,D004,Sales Executive,Delhi,2022-08-17,Full-Time
EMP0025,Neha Menon,Male,D004,Sales Analyst,Delhi,2024-06-19,Full-Time
EMP0026,Nikhil Singh,Male,D006,Operations Executive,Pune,2023-09-01,Full-Time
EMP0027,Neha Chopra,Female,D002,Senior Accountant,Mumbai,2024-08-16,Part-Time
EMP0028,Kavya Singh,Male,D004,Sales Manager,Delhi,2025-08-07,Full-Time
EMP0029,Meera Verma,Female,D005,Marketing Analyst,Mumbai,2023-03-28,Full-Time
EMP0030,Riya Nair,Female,D001,Manager,Bengaluru,2020-11-30,Full-Time
EMP0031,Priya Das,Male,D005,Marketing Executive,Mumbai,2022-06-10,Contract
EMP0032,Sneha Joshi,Female,D001,Tech Lead,Bengaluru,2024-03-02,Full-Time
EMP0033,Kavya Das,Female,D001,Software Engineer,Bengaluru,2019-01-22,Full-Time
EMP0034,Ishaan Mehta,Female,D008,Admin Manager,Chennai,2021-02-01,Full-Time
EMP0035,Vivaan Das,Male,D008,Admin Executive,Chennai,2024-10-27,Full-Time
EMP0036,Ananya Singh,Female,D007,Support Analyst,Hyderabad,2025-09-10,Part-Time
EMP0037,Priya Rao,Female,D003,Senior HR Executive,Bengaluru,2023-04-12,Part-Time
EMP0038,Rohan Chopra,Male,D001,Senior Software Engineer,Bengaluru,2024-05-30,Full-Time
EMP0039,Diya Verma,Male,D006,Senior Operations Executive,Pune,2021-03-03,Full-Time
EMP0040,Meera Patel,Male,D004,Regional Sales Manager,Delhi,2023-08-08,Full-Time
EMP0041,Aditya Singh,Female,D001,Tech Lead,Bengaluru,2021-08-17,Full-Time
EMP0042,Aisha Singh,Male,D004,Sales Manager,Delhi,2025-03-03,Full-Time
EMP0043,Karan Verma,Male,D001,Senior Software Engineer,Bengaluru,2021-10-10,Full-Time
EMP0044,Priya Chopra,Male,D007,Support Manager,Hyderabad,2019-10-01,Full-Time
EMP0045,Karan Verma,Female,D002,Finance Analyst,Mumbai,2020-12-29,Part-Time
EMP0046,Priya Nair,Male,D006,Operations Analyst,Pune,2025-09-14,Full-Time
EMP0047,Aarav Patel,Female,D003,HR Analyst,Bengaluru,2020-12-14,Full-Time
EMP0048,Ishaan Patel,Female,D005,Marketing Analyst,Mumbai,2024-05-03,Full-Time
EMP0049,Diya Sharma,Male,D005,Marketing Manager,Mumbai,2024-12-09,Full-Time
EMP0050,Ishaan Chopra,Male,D002,Finance Manager,Mumbai,2020-09-26,Full-Time
EMP0051,Aisha Das,Female,D008,Admin Analyst,Chennai,2022-07-11,Contract
EMP0052,Aditya Chopra,Male,D006,Operations Analyst,Pune,2020-04-03,Part-Time
EMP0053,Diya Mehta,Female,D008,Admin Analyst,Chennai,2021-08-28,Full-Time
EMP0054,Neha Joshi,Female,D007,Support Analyst,Hyderabad,2021-01-19,Full-Time
EMP0055,Aditya Joshi,Female,D005,Marketing Analyst,Mumbai,2020-10-23,Full-Time
EMP0056,Ishaan Joshi,Female,D007,Support Executive,Hyderabad,2024-11-10,Full-Time
EMP0057,Arjun Joshi,Female,D001,Software Engineer,Bengaluru,2024-05-31,Full-Time
EMP0058,Rahul Singh,Female,D002,Accountant,Mumbai,2025-01-08,Full-Time
EMP0059,Nikhil Kumar,Male,D001,Software Engineer,Bengaluru,2025-07-10,Contract
EMP0060,Priya Sharma,Female,D003,HR Analyst,Bengaluru,2022-07-15,Full-Time
EMP0061,Meera Patel,Female,D004,Sales Executive,Delhi,2020-04-22,Full-Time
EMP0062,Priya Das,Female,D002,Accountant,Mumbai,2020-07-06,Full-Time
EMP0063,Vivaan Kumar,Male,D007,Support Analyst,Hyderabad,2019-05-10,Full-Time
EMP0064,Priya Chopra,Male,D003,HR Analyst,Bengaluru,2022-12-18,Full-Time
EMP0065,Diya Das,Male,D003,HR Executive,Bengaluru,2019-09-27,Full-Time
EMP0066,Aisha Joshi,Male,D005,Marketing Executive,Mumbai,2023-12-05,Full-Time
EMP0067,Diya Menon,Female,D001,Software Engineer,Bengaluru,2024-07-13,Full-Time
EMP0068,Meera Patel,Female,D007,Support Analyst,Hyderabad,2020-09-11,Full-Time
EMP0069,Rohan Rao,Male,D001,Software Engineer,Bengaluru,2019-10-09,Full-Time
EMP0070,Aisha Rao,Male,D008,Admin Manager,Chennai,2021-10-05,Full-Time
EMP0071,Ishaan Chopra,Female,D006,Operations Analyst,Pune,2019-05-06,Contract
EMP0072,Ira Singh,Male,D002,Accountant,Mumbai,2021-07-07,Full-Time
EMP0073,Karan Mehta,Male,D001,Tech Lead,Bengaluru,2020-01-10,Full-Time
EMP0074,Ananya Gupta,Female,D007,Support Analyst,Hyderabad,2019-03-27,Full-Time
EMP0075,Karan Reddy,Male,D006,Operations Executive,Pune,2019-10-30,Full-Time
EMP0076,Kabir Reddy,Female,D006,Operations Analyst,Pune,2022-08-03,Full-Time
EMP0077,Aarav Reddy,Female,D006,Operations Executive,Pune,2021-10-06,Full-Time
EMP0078,Rohan Das,Female,D001,Manager,Bengaluru,2020-05-03,Full-Time
EMP0079,Ananya Sharma,Male,D003,HR Manager,Bengaluru,2025-09-10,Full-Time
EMP0080,Ishaan Chopra,Male,D001,Software Engineer,Bengaluru,2023-06-13,Full-Time
EMP0081,Aditya Joshi,Male,D007,Support Analyst,Hyderabad,2023-02-05,Full-Time
EMP0082,Karan Patel,Female,D006,Operations Executive,Pune,2021-08-19,Full-Time
EMP0083,Riya Rao,Male,D003,HR Analyst,Bengaluru,2022-03-23,Full-Time
EMP0084,Kavya Joshi,Male,D001,Software Engineer,Bengaluru,2019-02-12,Full-Time
EMP0085,Priya Reddy,Male,D003,HR Manager,Bengaluru,2020-02-11,Full-Time
EMP0086,Vivaan Das,Male,D003,HR Analyst,Bengaluru,2019-11-20,Contract
EMP0087,Aditya Menon,Male,D006,Operations Analyst,Pune,2025-12-16,Full-Time
EMP0088,Ananya Iyer,Female,D006,Operations Executive,Pune,2023-08-09,Full-Time
EMP0089,Nikhil Mehta,Male,D007,Support Analyst,Hyderabad,2025-01-15,Full-Time
EMP0090,Diya Menon,Female,D004,Sales Executive,Delhi,2023-01-15,Full-Time
EMP0091,Rahul Gupta,Male,D001,Senior Software Engineer,Bengaluru,2024-12-28,Full-Time
EMP0092,Riya Sharma,Female,D006,Operations Executive,Pune,2025-08-22,Full-Time
EMP0093,Ishaan Gupta,Female,D006,Operations Executive,Pune,2019-02-19,Full-Time
EMP0094,Aditya Joshi,Female,D005,Digital Marketing Specialist,Mumbai,2023-01-02,Full-Time
EMP0095,Ishaan Verma,Male,D006,Senior Operations Executive,Pune,2020-10-23,Full-Time
EMP0096,Aditya Iyer,Male,D004,Sales Executive,Delhi,2020-03-16,Full-Time
EMP0097,Neha Singh,Male,D005,Marketing Analyst,Mumbai,2025-11-11,Contract
EMP0098,Kabir Sharma,Female,D004,Sales Manager,Delhi,2022-04-05,Full-Time
EMP0099,Arjun Mehta,Male,D001,Senior Software Engineer,Bengaluru,2022-10-08,Full-Time
EMP0100,Rohan Menon,Male,D001,Senior Software Engineer,Bengaluru,2025-10-11,Full-Time
EMP0101,Vivaan Iyer,Male,D001,Senior Software Engineer,Bengaluru,2025-08-25,Full-Time
EMP0102,Diya Gupta,Male,D006,Operations Executive,Pune,2025-07-29,Full-Time
EMP0103,Nikhil Das,Male,D003,HR Manager,Bengaluru,2025-05-23,Full-Time
EMP0104,Aditya Das,Female,D004,Sales Analyst,Delhi,2020-10-18,Full-Time
EMP0105,Diya Sharma,Male,D007,Support Executive,Hyderabad,2020-09-21,Contract
EMP0106,Aarav Rao,Male,D002,Finance Analyst,Mumbai,2025-09-19,Full-Time
EMP0107,Rahul Rao,Female,D004,Sales Manager,Delhi,2020-04-25,Full-Time
EMP0108,Arjun Patel,Male,D006,Operations Executive,Pune,2025-11-01,Full-Time
EMP0109,Nikhil Joshi,Female,D002,Senior Accountant,Mumbai,2024-12-30,Contract
EMP0110,Nikhil Das,Male,D001,Manager,Bengaluru,2020-08-16,Full-Time
EMP0111,Aditya Patel,Male,D003,Senior HR Executive,Bengaluru,2021-08-05,Full-Time
EMP0112,Vivaan Reddy,Male,D001,Software Engineer,Bengaluru,2023-12-17,Full-Time
EMP0113,Meera Mehta,Male,D007,Support Analyst,Hyderabad,2019-04-05,Full-Time
EMP0114,Vivaan Singh,Female,D007,Support Executive,Hyderabad,2021-11-14,Full-Time
EMP0115,Ira Chopra,Female,D006,Operations Executive,Pune,2024-06-02,Full-Time
EMP0116,Ananya Das,Male,D007,Support Analyst,Hyderabad,2024-01-26,Part-Time
EMP0117,Nikhil Reddy,Male,D007,Support Analyst,Hyderabad,2025-05-23,Full-Time
EMP0118,Neha Reddy,Female,D002,Accountant,Mumbai,2022-06-30,Full-Time
EMP0119,Riya Joshi,Male,D007,Support Executive,Hyderabad,2019-07-09,Full-Time
EMP0120,Aisha Mehta,Female,D005,Marketing Analyst,Mumbai,2023-04-25,Full-Time
EMP0121,Aditya Iyer,Male,D007,Support Analyst,Hyderabad,2023-02-17,Part-Time
EMP0122,Vivaan Das,Male,D007,Support Analyst,Hyderabad,2025-11-07,Full-Time
EMP0123,Kavya Mehta,Male,D003,HR Analyst,Bengaluru,2024-03-26,Full-Time
EMP0124,Sneha Joshi,Female,D001,Manager,Bengaluru,2019-06-22,Full-Time
EMP0125,Arjun Patel,Male,D002,Senior Accountant,Mumbai,2023-11-27,Full-Time
EMP0126,Rohan Gupta,Female,D004,Sales Executive,Delhi,2021-01-13,Full-Time
EMP0127,Rahul Sharma,Female,D007,Senior Support Executive,Hyderabad,2019-04-15,Full-Time
EMP0128,Karan Rao,Male,D007,Senior Support Executive,Hyderabad,2022-01-25,Part-Time
EMP0129,Priya Sharma,Male,D001,Tech Lead,Bengaluru,2021-02-14,Part-Time
EMP0130,Kabir Menon,Male,D004,Sales Executive,Delhi,2025-11-19,Full-Time
EMP0131,Aditya Menon,Male,D004,Sales Executive,Delhi,2024-09-21,Full-Time
EMP0132,Ananya Singh,Male,D002,Accountant,Mumbai,2019-08-20,Full-Time
EMP0133,Karan Gupta,Female,D001,Tech Lead,Bengaluru,2020-07-16,Full-Time
EMP0134,Rahul Patel,Male,D003,HR Executive,Bengaluru,2022-05-31,Full-Time
EMP0135,Rahul Reddy,Male,D008,Admin Analyst,Chennai,2024-01-02,Full-Time
EMP0136,Karan Patel,Male,D003,HR Analyst,Bengaluru,2020-01-05,Full-Time
EMP0137,Vivaan Verma,Female,D004,Sales Analyst,Delhi,2025-07-26,Full-Time
EMP0138,Meera Joshi,Male,D006,Operations Executive,Pune,2025-02-08,Full-Time
EMP0139,Neha Das,Male,D004,Sales Executive,Delhi,2025-09-27,Contract
EMP0140,Sneha Joshi,Female,D008,Admin Executive,Chennai,2024-12-09,Full-Time
EMP0141,Diya Verma,Male,D008,Admin Manager,Chennai,2024-04-11,Full-Time
EMP0142,Kavya Patel,Female,D002,Accountant,Mumbai,2022-09-30,Contract
EMP0143,Diya Mehta,Female,D004,Sales Executive,Delhi,2019-10-10,Contract
EMP0144,Neha Iyer,Female,D003,HR Analyst,Bengaluru,2022-10-08,Full-Time
EMP0145,Nikhil Gupta,Female,D003,HR Analyst,Bengaluru,2022-07-28,Full-Time
EMP0146,Aditya Gupta,Male,D001,Software Engineer,Bengaluru,2022-07-08,Part-Time
EMP0147,Vivaan Reddy,Male,D005,Marketing Analyst,Mumbai,2022-11-29,Full-Time
EMP0148,Sneha Das,Male,D004,Sales Executive,Delhi,2025-03-31,Full-Time
EMP0149,Neha Rao,Female,D001,Software Engineer,Bengaluru,2023-11-14,Part-Time
EMP0150,Aditya Gupta,Male,D002,Accountant,Mumbai,2022-03-01,Full-Time
EMP0151,Meera Singh,Male,D007,Support Executive,Hyderabad,2024-07-16,Full-Time
EMP0152,Meera Kumar,Male,D002,Accountant,Mumbai,2025-05-09,Full-Time
EMP0153,Vivaan Das,Female,D001,Software Engineer,Bengaluru,2021-12-14,Full-Time
EMP0154,Neha Nair,Male,D004,Sales Manager,Delhi,2019-03-01,Full-Time
EMP0155,Neha Mehta,Female,D008,Admin Analyst,Chennai,2022-08-30,Full-Time
EMP0156,Sneha Verma,Male,D002,Accountant,Mumbai,2022-04-21,Full-Time
EMP0157,Rohan Singh,Female,D006,Senior Operations Executive,Pune,2021-10-16,Full-Time
EMP0158,Ananya Iyer,Male,D006,Operations Analyst,Pune,2020-02-03,Full-Time
EMP0159,Aditya Mehta,Female,D002,Senior Accountant,Mumbai,2023-03-09,Full-Time
EMP0160,Neha Rao,Female,D006,Senior Operations Executive,Pune,2024-07-21,Full-Time
EMP0161,Kabir Singh,Female,D004,Sales Executive,Delhi,2021-07-10,Part-Time
EMP0162,Ishaan Iyer,Male,D006,Senior Operations Executive,Pune,2025-04-27,Full-Time
EMP0163,Diya Joshi,Male,D006,Operations Analyst,Pune,2024-02-05,Full-Time
EMP0164,Diya Gupta,Female,D005,Marketing Executive,Mumbai,2021-09-11,Contract
EMP0165,Nikhil Nair,Male,D001,Software Engineer,Bengaluru,2019-06-12,Full-Time
EMP0166,Ananya Singh,Female,D007,Support Analyst,Hyderabad,2020-08-04,Full-Time
EMP0167,Rohan Chopra,Female,D003,HR Analyst,Bengaluru,2025-02-21,Full-Time
EMP0168,Nikhil Gupta,Female,D002,Accountant,Mumbai,2022-03-17,Full-Time
EMP0169,Kabir Kumar,Male,D001,Senior Software Engineer,Bengaluru,2022-08-29,Full-Time
EMP0170,Diya Reddy,Male,D005,Digital Marketing Specialist,Mumbai,2025-06-10,Full-Time
EMP0171,Ishaan Nair,Male,D006,Operations Executive,Pune,2020-09-20,Full-Time
EMP0172,Rahul Iyer,Male,D001,Senior Software Engineer,Bengaluru,2020-07-26,Part-Time
EMP0173,Nikhil Rao,Male,D004,Sales Manager,Delhi,2021-08-23,Full-Time
EMP0174,Riya Kumar,Female,D002,Accountant,Mumbai,2021-12-16,Full-Time
EMP0175,Nikhil Kumar,Male,D006,Operations Analyst,Pune,2019-12-10,Full-Time
EMP0176,Arjun Das,Female,D001,Software Engineer,Bengaluru,2021-08-17,Full-Time
EMP0177,Meera Verma,Male,D006,Senior Operations Executive,Pune,2025-03-10,Full-Time
EMP0178,Aditya Menon,Female,D004,Regional Sales Manager,Delhi,2021-05-30,Full-Time
EMP0179,Kavya Verma,Male,D008,Admin Executive,Chennai,2025-03-24,Full-Time
EMP0180,Rahul Singh,Female,D001,Tech Lead,Bengaluru,2025-12-26,Full-Time
EMP0181,Karan Patel,Male,D003,HR Executive,Bengaluru,2021-06-23,Full-Time
EMP0182,Aditya Verma,Female,D001,Software Engineer,Bengaluru,2025-08-30,Full-Time
EMP0183,Kabir Joshi,Female,D007,Support Executive,Hyderabad,2025-03-17,Full-Time
EMP0184,Diya Verma,Male,D007,Senior Support Executive,Hyderabad,2025-08-10,Full-Time
EMP0185,Ira Patel,Female,D002,Senior Accountant,Mumbai,2020-07-28,Full-Time
EMP0186,Kabir Reddy,Female,D006,Operations Executive,Pune,2023-10-25,Full-Time
EMP0187,Kabir Kumar,Male,D007,Support Executive,Hyderabad,2024-04-23,Part-Time
EMP0188,Diya Reddy,Female,D005,Marketing Executive,Mumbai,2022-10-27,Contract
EMP0189,Aditya Joshi,Female,D005,Marketing Analyst,Mumbai,2024-03-14,Full-Time
EMP0190,Aditya Singh,Male,D002,Accountant,Mumbai,2025-01-12,Part-Time
EMP0191,Riya Nair,Female,D001,Manager,Bengaluru,2019-12-04,Full-Time
EMP0192,Vivaan Patel,Female,D007,Senior Support Executive,Hyderabad,2021-07-19,Full-Time
EMP0193,Aarav Menon,Male,D007,Support Executive,Hyderabad,2021-12-06,Full-Time
EMP0194,Rohan Chopra,Male,D006,Operations Executive,Pune,2023-05-22,Full-Time
EMP0195,Diya Sharma,Male,D003,HR Executive,Bengaluru,2021-08-06,Full-Time
EMP0196,Rohan Verma,Female,D003,Senior HR Executive,Bengaluru,2021-04-24,Part-Time
EMP0197,Arjun Rao,Male,D006,Operations Executive,Pune,2022-10-09,Full-Time
EMP0198,Sneha Reddy,Male,D007,Support Analyst,Hyderabad,2023-04-15,Full-Time
EMP0199,Meera Kumar,Male,D007,Support Analyst,Hyderabad,2023-10-17,Full-Time
EMP0200,Rahul Verma,Female,D006,Senior Operations Executive,Pune,2025-05-20,Full-Time
EMP0201,Rohan Rao,Male,D006,Operations Analyst,Pune,2021-02-25,Part-Time
EMP0202,Aisha Reddy,Male,D001,Senior Software Engineer,Bengaluru,2019-10-13,Full-Time
EMP0203,Arjun Joshi,Male,D001,Tech Lead,Bengaluru,2025-07-09,Full-Time
EMP0204,Riya Mehta,Female,D007,Senior Support Executive,Hyderabad,2023-06-10,Part-Time
EMP0205,Kavya Rao,Male,D005,Digital Marketing Specialist,Mumbai,2025-05-04,Full-Time
EMP0206,Rahul Mehta,Male,D001,Senior Software Engineer,Bengaluru,2022-07-23,Full-Time
EMP0207,Ira Iyer,Female,D001,Software Engineer,Bengaluru,2020-04-26,Part-Time
EMP0208,Aisha Mehta,Male,D006,Operations Analyst,Pune,2025-01-30,Full-Time
EMP0209,Arjun Iyer,Female,D001,Software Engineer,Bengaluru,2023-04-23,Full-Time
EMP0210,Diya Patel,Male,D001,Senior Software Engineer,Bengaluru,2022-11-30,Full-Time
EMP0211,Rohan Nair,Male,D005,Marketing Executive,Mumbai,2022-10-16,Full-Time
EMP0212,Neha Joshi,Male,D006,Operations Executive,Pune,2021-02-18,Full-Time
EMP0213,Aditya Mehta,Male,D006,Operations Analyst,Pune,2023-07-03,Full-Time
EMP0214,Karan Verma,Female,D002,Senior Accountant,Mumbai,2020-12-01,Full-Time
EMP0215,Nikhil Verma,Male,D006,Senior Operations Executive,Pune,2024-01-05,Full-Time
EMP0216,Neha Verma,Male,D002,Accountant,Mumbai,2022-09-29,Full-Time
EMP0217,Ananya Mehta,Female,D003,HR Analyst,Bengaluru,2020-02-01,Full-Time
EMP0218,Ira Joshi,Male,D006,Operations Manager,Pune,2019-01-19,Full-Time
EMP0219,Meera Iyer,Male,D006,Operations Analyst,Pune,2024-11-20,Contract
EMP0220,Arjun Das,Female,D007,Senior Support Executive,Hyderabad,2023-09-07,Part-Time
EMP0221,Aisha Sharma,Female,D006,Senior Operations Executive,Pune,2025-12-07,Full-Time
EMP0222,Rahul Gupta,Male,D005,Marketing Executive,Mumbai,2024-09-19,Contract
EMP0223,Rahul Reddy,Female,D001,Software Engineer,Bengaluru,2022-07-13,Full-Time
EMP0224,Rohan Kumar,Male,D004,Sales Executive,Delhi,2025-11-06,Full-Time
EMP0225,Ananya Sharma,Male,D002,Senior Accountant,Mumbai,2022-01-09,Full-Time
EMP0226,Rohan Joshi,Male,D002,Accountant,Mumbai,2022-10-12,Full-Time
EMP0227,Rohan Gupta,Female,D008,Admin Executive,Chennai,2025-10-03,Full-Time
EMP0228,Priya Reddy,Male,D004,Sales Analyst,Delhi,2023-12-29,Part-Time
EMP0229,Aarav Menon,Male,D007,Support Analyst,Hyderabad,2024-08-03,Full-Time
EMP0230,Aarav Chopra,Male,D006,Operations Executive,Pune,2019-01-07,Full-Time
EMP0231,Ananya Sharma,Male,D007,Support Executive,Hyderabad,2021-07-02,Full-Time
EMP0232,Diya Nair,Female,D004,Sales Executive,Delhi,2022-11-16,Full-Time
EMP0233,Aditya Verma,Female,D005,Marketing Analyst,Mumbai,2024-03-15,Contract
EMP0234,Neha Patel,Male,D004,Sales Executive,Delhi,2024-07-30,Contract
EMP0235,Kabir Gupta,Male,D002,Accountant,Mumbai,2019-09-02,Full-Time
EMP0236,Ira Verma,Male,D006,Operations Executive,Pune,2023-09-28,Contract
EMP0237,Kabir Rao,Male,D003,HR Manager,Bengaluru,2024-11-26,Contract
EMP0238,Neha Kumar,Male,D001,Senior Software Engineer,Bengaluru,2019-12-31,Full-Time
EMP0239,Diya Rao,Male,D006,Operations Executive,Pune,2021-01-31,Full-Time
EMP0240,Aditya Mehta,Female,D001,Manager,Bengaluru,2023-03-03,Full-Time
EMP0241,Kavya Menon,Male,D008,Admin Analyst,Chennai,2025-10-18,Full-Time
EMP0242,Kabir Sharma,Female,D008,Admin Executive,Chennai,2019-06-14,Full-Time
EMP0243,Ananya Nair,Female,D007,Senior Support Executive,Hyderabad,2024-08-08,Contract
EMP0244,Aisha Reddy,Female,D004,Sales Analyst,Delhi,2025-09-08,Full-Time
EMP0245,Diya Singh,Female,D001,Tech Lead,Bengaluru,2021-06-01,Full-Time
EMP0246,Priya Verma,Female,D007,Senior Support Executive,Hyderabad,2022-06-05,Full-Time
EMP0247,Neha Chopra,Male,D004,Sales Analyst,Delhi,2023-09-11,Part-Time
EMP0248,Karan Singh,Female,D008,Senior Admin Executive,Chennai,2019-12-31,Full-Time
EMP0249,Kabir Mehta,Female,D008,Admin Executive,Chennai,2021-04-19,Full-Time
EMP0250,Ananya Kumar,Male,D007,Support Manager,Hyderabad,2022-02-11,Full-Time
EMP0251,Rahul Menon,Male,D003,HR Analyst,Bengaluru,2019-05-06,Full-Time
EMP0252,Karan Iyer,Male,D004,Sales Manager,Delhi,2019-01-19,Full-Time
EMP0253,Ira Menon,Male,D007,Support Executive,Hyderabad,2019-01-25,Full-Time
EMP0254,Vivaan Chopra,Female,D003,HR Manager,Bengaluru,2019-07-20,Full-Time
EMP0255,Rohan Verma,Male,D001,Software Engineer,Bengaluru,2021-07-30,Full-Time
EMP0256,Ira Mehta,Male,D005,Marketing Executive,Mumbai,2019-07-07,Full-Time
EMP0257,Nikhil Joshi,Female,D008,Admin Executive,Chennai,2021-12-25,Full-Time
EMP0258,Vivaan Iyer,Male,D006,Senior Operations Executive,Pune,2020-03-25,Full-Time
EMP0259,Ishaan Rao,Male,D005,Marketing Analyst,Mumbai,2020-09-23,Full-Time
EMP0260,Neha Reddy,Male,D001,Tech Lead,Bengaluru,2023-08-21,Contract
EMP0261,Nikhil Singh,Male,D005,Digital Marketing Specialist,Mumbai,2019-07-02,Full-Time
EMP0262,Meera Singh,Male,D008,Admin Analyst,Chennai,2019-06-09,Full-Time
EMP0263,Karan Patel,Male,D001,Software Engineer,Bengaluru,2021-11-19,Full-Time
EMP0264,Rahul Joshi,Male,D004,Sales Analyst,Delhi,2021-04-29,Part-Time
EMP0265,Rohan Sharma,Male,D007,Support Analyst,Hyderabad,2022-06-18,Full-Time
EMP0266,Ananya Reddy,Female,D006,Operations Executive,Pune,2024-05-14,Full-Time
EMP0267,Kavya Chopra,Male,D006,Operations Executive,Pune,2024-04-30,Part-Time
EMP0268,Kabir Sharma,Male,D006,Operations Manager,Pune,2019-07-17,Full-Time
EMP0269,Nikhil Chopra,Male,D003,HR Analyst,Bengaluru,2021-07-17,Contract
EMP0270,Sneha Singh,Female,D003,HR Executive,Bengaluru,2022-01-29,Contract
EMP0271,Kabir Gupta,Male,D007,Senior Support Executive,Hyderabad,2020-06-16,Full-Time
EMP0272,Kavya Das,Male,D007,Support Executive,Hyderabad,2021-10-20,Full-Time
EMP0273,Ira Singh,Male,D007,Senior Support Executive,Hyderabad,2023-01-18,Full-Time
EMP0274,Aarav Singh,Male,D007,Senior Support Executive,Hyderabad,2019-11-25,Part-Time
EMP0275,Arjun Patel,Female,D004,Sales Analyst,Delhi,2019-06-11,Full-Time
EMP0276,Aarav Singh,Female,D004,Sales Manager,Delhi,2021-07-28,Full-Time
EMP0277,Nikhil Rao,Male,D007,Support Executive,Hyderabad,2023-03-29,Full-Time
EMP0278,Vivaan Nair,Female,D006,Operations Executive,Pune,2020-07-11,Full-Time
EMP0279,Sneha Joshi,Female,D006,Senior Operations Executive,Pune,2020-11-05,Full-Time
EMP0280,Rohan Sharma,Male,D007,Support Analyst,Hyderabad,2019-06-20,Part-Time
EMP0281,Nikhil Verma,Female,D007,Support Executive,Hyderabad,2025-11-17,Full-Time
EMP0282,Aarav Iyer,Male,D003,HR Executive,Bengaluru,2022-12-15,Full-Time
EMP0283,Arjun Mehta,Male,D004,Sales Analyst,Delhi,2024-08-21,Full-Time
EMP0284,Karan Mehta,Female,D001,Manager,Bengaluru,2020-04-01,Full-Time
EMP0285,Vivaan Joshi,Male,D005,Marketing Executive,Mumbai,2019-07-14,Full-Time
EMP0286,Kabir Menon,Male,D001,Senior Software Engineer,Bengaluru,2022-05-26,Full-Time
EMP0287,Diya Iyer,Male,D004,Regional Sales Manager,Delhi,2019-10-05,Full-Time
EMP0288,Ira Rao,Female,D005,Marketing Executive,Mumbai,2022-11-18,Full-Time
EMP0289,Aisha Nair,Female,D003,HR Analyst,Bengaluru,2024-06-17,Full-Time
EMP0290,Sneha Patel,Male,D005,Marketing Executive,Mumbai,2019-06-08,Full-Time
EMP0291,Rohan Verma,Female,D001,Software Engineer,Bengaluru,2025-11-11,Full-Time
EMP0292,Rohan Das,Male,D001,Tech Lead,Bengaluru,2022-02-19,Full-Time
EMP0293,Rohan Mehta,Male,D007,Senior Support Executive,Hyderabad,2025-06-07,Full-Time
EMP0294,Ira Patel,Female,D004,Sales Analyst,Delhi,2020-09-11,Part-Time
EMP0295,Riya Menon,Male,D001,Tech Lead,Bengaluru,2023-05-25,Full-Time
EMP0296,Neha Iyer,Female,D005,Digital Marketing Specialist,Mumbai,2022-09-17,Full-Time
EMP0297,Vivaan Sharma,Female,D006,Operations Executive,Pune,2025-01-10,Full-Time
EMP0298,Nikhil Menon,Male,D002,Finance Manager,Mumbai,2025-11-02,Contract
EMP0299,Aisha Menon,Male,D006,Senior Operations Executive,Pune,2023-06-18,Full-Time
EMP0300,Nikhil Chopra,Female,D001,Tech Lead,Bengaluru,2019-05-17,Part-Time
EMP0301,Riya Verma,Male,D001,Senior Software Engineer,Bengaluru,2023-11-23,Full-Time
EMP0302,Nikhil Singh,Male,D005,Marketing Executive,Mumbai,2019-12-15,Full-Time
EMP0303,Ishaan Sharma,Male,D005,Marketing Executive,Mumbai,2020-10-28,Contract
EMP0304,Meera Sharma,Male,D006,Operations Analyst,Pune,2023-06-18,Contract
EMP0305,Aarav Patel,Male,D006,Senior Operations Executive,Pune,2024-06-26,Full-Time
EMP0306,Ananya Reddy,Female,D008,Admin Manager,Chennai,2022-11-28,Full-Time
EMP0307,Rahul Mehta,Male,D004,Sales Executive,Delhi,2022-11-25,Full-Time
EMP0308,Neha Kumar,Female,D003,HR Analyst,Bengaluru,2021-08-04,Full-Time
EMP0309,Meera Singh,Male,D007,Support Executive,Hyderabad,2024-07-31,Contract
EMP0310,Riya Iyer,Female,D002,Finance Analyst,Mumbai,2019-08-09,Full-Time
EMP0311,Kabir Sharma,Female,D004,Sales Executive,Delhi,2020-04-19,Full-Time
EMP0312,Nikhil Singh,Female,D001,Senior Software Engineer,Bengaluru,2019-02-09,Full-Time
EMP0313,Ira Rao,Female,D001,Software Engineer,Bengaluru,2025-11-23,Full-Time
EMP0314,Rohan Rao,Male,D008,Admin Executive,Chennai,2020-11-11,Full-Time
EMP0315,Aditya Kumar,Male,D007,Senior Support Executive,Hyderabad,2023-06-27,Full-Time
EMP0316,Priya Reddy,Male,D006,Operations Executive,Pune,2021-04-23,Full-Time
EMP0317,Riya Verma,Male,D004,Sales Manager,Delhi,2019-11-02,Part-Time
EMP0318,Ishaan Menon,Male,D001,Software Engineer,Bengaluru,2020-05-10,Contract
EMP0319,Nikhil Gupta,Male,D001,Tech Lead,Bengaluru,2024-06-14,Full-Time
EMP0320,Nikhil Nair,Male,D002,Accountant,Mumbai,2019-09-11,Full-Time
EMP0321,Kabir Nair,Female,D005,Marketing Executive,Mumbai,2025-10-19,Full-Time
EMP0322,Karan Chopra,Female,D006,Senior Operations Executive,Pune,2022-01-09,Contract
EMP0323,Sneha Patel,Male,D006,Senior Operations Executive,Pune,2021-10-03,Full-Time
EMP0324,Aditya Sharma,Male,D002,Finance Analyst,Mumbai,2022-03-10,Full-Time
EMP0325,Sneha Kumar,Female,D008,Senior Admin Executive,Chennai,2019-06-24,Full-Time
EMP0326,Ananya Singh,Male,D006,Operations Analyst,Pune,2022-02-25,Contract
EMP0327,Arjun Menon,Female,D005,Marketing Executive,Mumbai,2023-12-30,Contract
EMP0328,Aarav Rao,Female,D005,Digital Marketing Specialist,Mumbai,2021-09-19,Contract
EMP0329,Neha Joshi,Female,D004,Sales Manager,Delhi,2020-06-08,Contract
EMP0330,Neha Reddy,Female,D002,Accountant,Mumbai,2020-03-27,Full-Time
EMP0331,Neha Kumar,Male,D003,Senior HR Executive,Bengaluru,2020-01-10,Full-Time
EMP0332,Kabir Verma,Female,D006,Operations Executive,Pune,2019-04-23,Full-Time
EMP0333,Aarav Das,Female,D001,Senior Software Engineer,Bengaluru,2020-05-31,Full-Time
EMP0334,Priya Iyer,Male,D001,Software Engineer,Bengaluru,2020-12-26,Full-Time
EMP0335,Neha Nair,Female,D001,Manager,Bengaluru,2025-09-04,Full-Time
EMP0336,Karan Gupta,Female,D001,Senior Software Engineer,Bengaluru,2023-12-21,Full-Time
EMP0337,Rahul Rao,Female,D007,Support Analyst,Hyderabad,2025-06-27,Contract
EMP0338,Aditya Gupta,Female,D006,Operations Executive,Pune,2024-05-22,Full-Time
EMP0339,Ananya Iyer,Female,D004,Sales Analyst,Delhi,2023-03-18,Full-Time
EMP0340,Aisha Joshi,Male,D001,Software Engineer,Bengaluru,2025-03-27,Full-Time
EMP0341,Rohan Chopra,Male,D004,Sales Analyst,Delhi,2022-12-08,Full-Time
EMP0342,Vivaan Mehta,Male,D004,Sales Analyst,Delhi,2020-07-13,Full-Time
EMP0343,Neha Rao,Male,D001,Software Engineer,Bengaluru,2024-07-01,Full-Time
EMP0344,Aarav Sharma,Female,D004,Sales Executive,Delhi,2020-09-01,Full-Time
EMP0345,Ira Das,Female,D004,Sales Executive,Delhi,2019-03-24,Contract
EMP0346,Kavya Kumar,Female,D005,Marketing Executive,Mumbai,2019-06-25,Full-Time
EMP0347,Rahul Verma,Male,D006,Senior Operations Executive,Pune,2022-12-03,Full-Time
EMP0348,Aisha Mehta,Female,D001,Software Engineer,Bengaluru,2019-02-12,Full-Time
EMP0349,Aarav Reddy,Male,D004,Sales Executive,Delhi,2019-05-31,Full-Time
EMP0350,Aditya Das,Male,D006,Operations Executive,Pune,2021-03-12,Full-Time
EMP0351,Kavya Nair,Female,D004,Sales Analyst,Delhi,2019-12-04,Full-Time
EMP0352,Nikhil Nair,Male,D007,Support Executive,Hyderabad,2025-06-24,Full-Time
EMP0353,Rahul Mehta,Female,D006,Senior Operations Executive,Pune,2023-12-05,Full-Time
EMP0354,Kabir Reddy,Male,D001,Senior Software Engineer,Bengaluru,2022-10-24,Part-Time
EMP0355,Rohan Gupta,Female,D001,Software Engineer,Bengaluru,2020-03-20,Part-Time
EMP0356,Vivaan Chopra,Male,D006,Operations Analyst,Pune,2023-07-01,Contract
EMP0357,Ananya Nair,Male,D001,Software Engineer,Bengaluru,2022-05-13,Full-Time
EMP0358,Aarav Nair,Male,D005,Marketing Executive,Mumbai,2021-04-02,Full-Time
EMP0359,Kavya Iyer,Male,D008,Admin Executive,Chennai,2020-10-06,Full-Time
EMP0360,Diya Joshi,Female,D005,Digital Marketing Specialist,Mumbai,2021-03-13,Full-Time
EMP0361,Aisha Menon,Female,D004,Sales Analyst,Delhi,2023-08-16,Full-Time
EMP0362,Nikhil Sharma,Male,D006,Senior Operations Executive,Pune,2020-07-20,Contract
EMP0363,Rohan Kumar,Female,D004,Sales Analyst,Delhi,2024-11-14,Full-Time
EMP0364,Sneha Joshi,Male,D005,Digital Marketing Specialist,Mumbai,2025-10-08,Part-Time
EMP0365,Ira Das,Female,D008,Senior Admin Executive,Chennai,2025-11-09,Full-Time
EMP0366,Vivaan Rao,Male,D004,Sales Executive,Delhi,2021-12-04,Full-Time
EMP0367,Ananya Gupta,Male,D008,Senior Admin Executive,Chennai,2020-10-23,Full-Time
EMP0368,Rahul Gupta,Male,D007,Senior Support Executive,Hyderabad,2024-07-23,Full-Time
EMP0369,Priya Das,Male,D002,Senior Accountant,Mumbai,2025-04-13,Full-Time
EMP0370,Aarav Kumar,Female,D001,Manager,Bengaluru,2023-03-13,Full-Time
EMP0371,Neha Mehta,Male,D001,Senior Software Engineer,Bengaluru,2021-09-28,Full-Time
EMP0372,Ishaan Menon,Female,D001,Tech Lead,Bengaluru,2019-08-27,Full-Time
EMP0373,Sneha Iyer,Male,D001,Senior Software Engineer,Bengaluru,2022-09-10,Full-Time
EMP0374,Aditya Chopra,Male,D006,Operations Analyst,Pune,2020-06-12,Part-Time
EMP0375,Rahul Menon,Male,D001,Tech Lead,Bengaluru,2022-11-04,Part-Time
EMP0376,Neha Nair,Male,D003,Senior HR Executive,Bengaluru,2023-06-10,Part-Time
EMP0377,Priya Kumar,Male,D007,Senior Support Executive,Hyderabad,2019-12-05,Part-Time
EMP0378,Riya Patel,Male,D001,Software Engineer,Bengaluru,2024-10-05,Full-Time
EMP0379,Aisha Reddy,Female,D007,Support Executive,Hyderabad,2025-02-10,Full-Time
EMP0380,Nikhil Mehta,Male,D003,HR Manager,Bengaluru,2025-07-08,Full-Time
EMP0381,Arjun Verma,Male,D001,Senior Software Engineer,Bengaluru,2019-07-25,Full-Time
EMP0382,Sneha Reddy,Male,D006,Operations Executive,Pune,2024-11-13,Full-Time
EMP0383,Arjun Menon,Female,D006,Operations Executive,Pune,2025-06-22,Full-Time
EMP0384,Sneha Kumar,Male,D007,Support Analyst,Hyderabad,2024-01-28,Full-Time
EMP0385,Rohan Mehta,Female,D006,Operations Analyst,Pune,2020-08-05,Full-Time
EMP0386,Arjun Gupta,Male,D007,Support Executive,Hyderabad,2021-09-17,Full-Time
EMP0387,Riya Menon,Female,D003,HR Analyst,Bengaluru,2023-09-02,Full-Time
EMP0388,Nikhil Joshi,Male,D001,Senior Software Engineer,Bengaluru,2021-08-12,Part-Time
EMP0389,Sneha Das,Female,D006,Senior Operations Executive,Pune,2025-09-09,Full-Time
EMP0390,Meera Mehta,Male,D007,Support Analyst,Hyderabad,2024-10-09,Full-Time
EMP0391,Arjun Iyer,Female,D008,Admin Analyst,Chennai,2023-05-29,Full-Time
EMP0392,Aarav Rao,Female,D004,Regional Sales Manager,Delhi,2025-07-15,Full-Time
EMP0393,Meera Patel,Male,D004,Sales Executive,Delhi,2020-02-09,Part-Time
EMP0394,Ishaan Menon,Male,D006,Senior Operations Executive,Pune,2020-01-01,Part-Time
EMP0395,Rohan Verma,Male,D003,HR Analyst,Bengaluru,2025-07-06,Full-Time
EMP0396,Ira Verma,Male,D008,Admin Manager,Chennai,2022-01-19,Full-Time
EMP0397,Ananya Verma,Male,D007,Support Executive,Hyderabad,2025-04-19,Full-Time
EMP0398,Rohan Chopra,Male,D004,Sales Manager,Delhi,2024-08-08,Full-Time
EMP0399,Ananya Gupta,Female,D006,Senior Operations Executive,Pune,2021-09-18,Full-Time
EMP0400,Neha Verma,Female,D006,Operations Analyst,Pune,2024-12-25,Full-Time
EMP0401,Ananya Das,Male,D001,Senior Software Engineer,Bengaluru,2022-07-23,Full-Time
EMP0402,Kavya Singh,Female,D007,Support Executive,Hyderabad,2022-08-31,Full-Time
EMP0403,Kavya Verma,Male,D004,Sales Manager,Delhi,2024-04-28,Full-Time
EMP0404,Rahul Verma,Male,D007,Support Analyst,Hyderabad,2025-11-23,Contract
EMP0405,Ishaan Singh,Female,D003,HR Analyst,Bengaluru,2025-11-10,Full-Time
EMP0406,Meera Das,Male,D007,Support Analyst,Hyderabad,2020-02-10,Full-Time
EMP0407,Karan Nair,Female,D004,Sales Executive,Delhi,2020-01-10,Full-Time
EMP0408,Kabir Sharma,Female,D001,Senior Software Engineer,Bengaluru,2019-03-31,Full-Time
EMP0409,Aisha Menon,Female,D007,Support Executive,Hyderabad,2023-05-30,Full-Time
EMP0410,Meera Das,Male,D001,Software Engineer,Bengaluru,2020-10-01,Full-Time
EMP0411,Rahul Kumar,Male,D003,HR Analyst,Bengaluru,2021-08-12,Part-Time
EMP0412,Karan Chopra,Male,D008,Admin Executive,Chennai,2020-04-09,Full-Time
EMP0413,Diya Sharma,Male,D008,Senior Admin Executive,Chennai,2025-05-12,Full-Time
EMP0414,Kavya Iyer,Female,D005,Marketing Analyst,Mumbai,2021-07-13,Full-Time
EMP0415,Aisha Chopra,Male,D006,Operations Executive,Pune,2025-05-12,Full-Time
EMP0416,Karan Verma,Female,D004,Sales Executive,Delhi,2024-08-02,Contract
EMP0417,Sneha Singh,Male,D003,HR Executive,Bengaluru,2021-05-11,Full-Time
EMP0418,Kavya Nair,Male,D003,HR Analyst,Bengaluru,2024-11-18,Full-Time
EMP0419,Kabir Nair,Male,D006,Senior Operations Executive,Pune,2019-01-31,Full-Time
EMP0420,Sneha Sharma,Male,D006,Senior Operations Executive,Pune,2024-04-27,Full-Time
EMP0421,Vivaan Reddy,Male,D007,Support Analyst,Hyderabad,2021-04-04,Full-Time
EMP0422,Priya Gupta,Male,D006,Operations Executive,Pune,2020-06-13,Full-Time
EMP0423,Karan Singh,Male,D001,Software Engineer,Bengaluru,2020-11-09,Full-Time
EMP0424,Diya Nair,Male,D004,Sales Executive,Delhi,2021-04-24,Full-Time
EMP0425,Ishaan Singh,Male,D001,Tech Lead,Bengaluru,2019-08-15,Full-Time
EMP0426,Kabir Nair,Male,D005,Marketing Analyst,Mumbai,2025-12-10,Full-Time
EMP0427,Ishaan Menon,Female,D004,Sales Analyst,Delhi,2024-02-25,Part-Time
EMP0428,Aditya Joshi,Female,D007,Support Executive,Hyderabad,2025-12-08,Full-Time
EMP0429,Karan Iyer,Male,D003,HR Analyst,Bengaluru,2020-12-20,Full-Time
EMP0430,Diya Sharma,Male,D001,Senior Software Engineer,Bengaluru,2022-05-14,Full-Time
EMP0431,Aisha Iyer,Female,D001,Tech Lead,Bengaluru,2019-11-04,Full-Time
EMP0432,Arjun Sharma,Female,D006,Operations Analyst,Pune,2019-10-03,Full-Time
EMP0433,Meera Menon,Male,D005,Marketing Analyst,Mumbai,2022-09-13,Contract
EMP0434,Riya Iyer,Male,D001,Software Engineer,Bengaluru,2021-02-19,Full-Time
EMP0435,Kavya Mehta,Male,D001,Senior Software Engineer,Bengaluru,2021-07-01,Full-Time
EMP0436,Sneha Menon,Male,D006,Senior Operations Executive,Pune,2022-04-09,Full-Time
EMP0437,Aarav Reddy,Female,D001,Software Engineer,Bengaluru,2025-12-01,Full-Time
EMP0438,Rahul Chopra,Female,D007,Support Analyst,Hyderabad,2021-12-03,Full-Time
EMP0439,Diya Sharma,Female,D006,Operations Analyst,Pune,2021-10-13,Full-Time
EMP0440,Sneha Sharma,Male,D001,Senior Software Engineer,Bengaluru,2021-06-01,Full-Time
EMP0441,Kavya Nair,Female,D001,Software Engineer,Bengaluru,2020-02-28,Contract
EMP0442,Neha Verma,Female,D008,Admin Executive,Chennai,2021-04-01,Full-Time
EMP0443,Sneha Nair,Male,D004,Sales Executive,Delhi,2023-01-13,Full-Time
EMP0444,Arjun Nair,Male,D004,Sales Analyst,Delhi,2023-04-23,Contract
EMP0445,Sneha Reddy,Male,D007,Support Executive,Hyderabad,2024-10-06,Full-Time
EMP0446,Karan Menon,Male,D008,Admin Executive,Chennai,2024-10-31,Full-Time
EMP0447,Diya Menon,Male,D008,Admin Analyst,Chennai,2019-07-29,Contract
EMP0448,Diya Chopra,Male,D006,Operations Manager,Pune,2021-07-11,Full-Time
EMP0449,Nikhil Reddy,Female,D004,Sales Executive,Delhi,2020-06-20,Contract
EMP0450,Riya Sharma,Female,D001,Tech Lead,Bengaluru,2019-06-01,Full-Time
EMP0451,Aisha Joshi,Male,D006,Operations Executive,Pune,2023-09-07,Full-Time
EMP0452,Vivaan Das,Male,D005,Marketing Manager,Mumbai,2025-02-08,Full-Time
EMP0453,Aarav Singh,Female,D004,Regional Sales Manager,Delhi,2021-05-01,Part-Time
EMP0454,Kabir Nair,Male,D007,Support Executive,Hyderabad,2019-09-07,Full-Time
EMP0455,Aditya Nair,Male,D001,Manager,Bengaluru,2022-08-19,Full-Time
EMP0456,Ananya Mehta,Female,D004,Sales Analyst,Delhi,2024-12-25,Full-Time
EMP0457,Ira Nair,Male,D001,Tech Lead,Bengaluru,2023-09-13,Full-Time
EMP0458,Ananya Joshi,Male,D004,Sales Executive,Delhi,2023-03-18,Full-Time
EMP0459,Rahul Iyer,Female,D001,Software Engineer,Bengaluru,2021-06-09,Full-Time
EMP0460,Diya Sharma,Male,D001,Manager,Bengaluru,2020-11-04,Full-Time
EMP0461,Nikhil Nair,Male,D001,Senior Software Engineer,Bengaluru,2024-11-28,Full-Time
EMP0462,Karan Das,Female,D006,Senior Operations Executive,Pune,2019-01-22,Full-Time
EMP0463,Meera Mehta,Male,D006,Senior Operations Executive,Pune,2023-08-04,Full-Time
EMP0464,Ira Sharma,Male,D005,Digital Marketing Specialist,Mumbai,2022-06-16,Full-Time
EMP0465,Sneha Iyer,Male,D008,Admin Executive,Chennai,2021-12-19,Full-Time
EMP0466,Kavya Patel,Male,D004,Sales Analyst,Delhi,2021-09-12,Full-Time
EMP0467,Priya Kumar,Female,D003,HR Executive,Bengaluru,2023-01-25,Full-Time
EMP0468,Arjun Kumar,Male,D007,Senior Support Executive,Hyderabad,2025-10-02,Full-Time
EMP0469,Ishaan Verma,Female,D002,Senior Accountant,Mumbai,2024-03-10,Full-Time
EMP0470,Priya Das,Male,D008,Admin Manager,Chennai,2022-02-25,Full-Time
EMP0471,Ira Patel,Male,D001,Software Engineer,Bengaluru,2021-01-01,Contract
EMP0472,Ishaan Mehta,Male,D008,Admin Analyst,Chennai,2021-03-02,Contract
EMP0473,Riya Kumar,Male,D001,Tech Lead,Bengaluru,2021-05-25,Contract
EMP0474,Vivaan Verma,Male,D007,Support Executive,Hyderabad,2022-05-05,Full-Time
EMP0475,Meera Joshi,Female,D005,Digital Marketing Specialist,Mumbai,2025-07-25,Full-Time
EMP0476,Rahul Rao,Female,D008,Admin Executive,Chennai,2019-10-15,Full-Time
EMP0477,Ananya Verma,Male,D001,Manager,Bengaluru,2025-08-20,Full-Time
EMP0478,Rohan Kumar,Female,D005,Marketing Manager,Mumbai,2023-01-15,Full-Time
EMP0479,Nikhil Kumar,Male,D008,Admin Manager,Chennai,2024-03-18,Full-Time
EMP0480,Rahul Iyer,Male,D005,Marketing Manager,Mumbai,2019-08-13,Full-Time
EMP0481,Vivaan Mehta,Female,D006,Operations Executive,Pune,2021-12-28,Full-Time
EMP0482,Rahul Reddy,Male,D006,Operations Analyst,Pune,2023-05-29,Part-Time
EMP0483,Ira Iyer,Female,D004,Sales Analyst,Delhi,2023-12-07,Full-Time
EMP0484,Kavya Nair,Male,D006,Operations Executive,Pune,2023-05-19,Full-Time
EMP0485,Riya Nair,Male,D005,Marketing Executive,Mumbai,2023-11-14,Full-Time
EMP0486,Ira Singh,Male,D007,Senior Support Executive,Hyderabad,2019-08-27,Full-Time
EMP0487,Karan Iyer,Male,D001,Manager,Bengaluru,2021-04-06,Full-Time
EMP0488,Ananya Sharma,Male,D003,HR Executive,Bengaluru,2020-07-28,Full-Time
EMP0489,Riya Singh,Male,D008,Admin Executive,Chennai,2024-01-02,Full-Time
EMP0490,Meera Gupta,Male,D007,Support Analyst,Hyderabad,2019-03-17,Full-Time
EMP0491,Arjun Chopra,Female,D004,Sales Analyst,Delhi,2022-11-05,Full-Time
EMP0492,Aisha Mehta,Male,D006,Operations Analyst,Pune,2020-09-09,Full-Time
EMP0493,Kavya Rao,Male,D002,Accountant,Mumbai,2022-04-02,Full-Time
EMP0494,Arjun Nair,Female,D002,Finance Analyst,Mumbai,2023-12-16,Full-Time
EMP0495,Rohan Singh,Male,D004,Sales Executive,Delhi,2021-04-20,Full-Time
EMP0496,Kabir Singh,Female,D003,HR Analyst,Bengaluru,2021-10-29,Full-Time
EMP0497,Vivaan Mehta,Male,D005,Marketing Analyst,Mumbai,2019-10-05,Full-Time
EMP0498,Aditya Reddy,Male,D001,Manager,Bengaluru,2024-12-22,Full-Time
EMP0499,Aisha Gupta,Female,D008,Admin Analyst,Chennai,2023-06-19,Full-Time
EMP0500,Ananya Menon,Male,D008,Admin Analyst,Chennai,2024-03-02,Part-Time
EMP0501,Diya Chopra,Female,D006,Senior Operations Executive,Pune,2024-08-13,Full-Time
EMP0502,Ishaan Patel,Male,D005,Marketing Analyst,Mumbai,2019-11-17,Full-Time
EMP0503,Ananya Mehta,Male,D003,HR Analyst,Bengaluru,2025-09-23,Full-Time
EMP0504,Aisha Nair,Male,D007,Support Executive,Hyderabad,2025-02-07,Full-Time
EMP0505,Ira Menon,Male,D006,Operations Executive,Pune,2021-02-16,Full-Time
EMP0506,Aisha Patel,Male,D001,Tech Lead,Bengaluru,2020-02-25,Full-Time
EMP0507,Diya Menon,Female,D007,Support Executive,Hyderabad,2025-01-18,Full-Time
EMP0508,Aisha Iyer,Male,D007,Support Executive,Hyderabad,2020-06-05,Full-Time
EMP0509,Meera Patel,Male,D008,Admin Analyst,Chennai,2024-07-30,Full-Time
EMP0510,Meera Das,Female,D006,Operations Executive,Pune,2024-12-12,Full-Time
EMP0511,Rohan Singh,Male,D005,Digital Marketing Specialist,Mumbai,2020-11-04,Contract
EMP0512,Ira Singh,Female,D004,Regional Sales Manager,Delhi,2022-10-11,Full-Time
EMP0513,Kabir Singh,Female,D008,Admin Analyst,Chennai,2020-10-24,Full-Time
EMP0514,Sneha Mehta,Male,D007,Support Executive,Hyderabad,2024-07-07,Full-Time
EMP0515,Priya Joshi,Male,D001,Tech Lead,Bengaluru,2023-12-29,Full-Time
EMP0516,Meera Chopra,Male,D001,Senior Software Engineer,Bengaluru,2020-01-07,Full-Time
EMP0517,Karan Mehta,Male,D004,Sales Manager,Delhi,2022-10-10,Full-Time
EMP0518,Vivaan Mehta,Female,D007,Support Manager,Hyderabad,2019-11-22,Full-Time
EMP0519,Ananya Iyer,Male,D008,Admin Manager,Chennai,2024-10-20,Full-Time
EMP0520,Meera Kumar,Male,D001,Manager,Bengaluru,2024-10-02,Part-Time
EMP0521,Rohan Menon,Male,D005,Digital Marketing Specialist,Mumbai,2019-05-09,Full-Time
EMP0522,Diya Joshi,Male,D004,Sales Executive,Delhi,2024-12-18,Full-Time
EMP0523,Rohan Verma,Male,D008,Admin Analyst,Chennai,2023-08-30,Part-Time
EMP0524,Priya Rao,Male,D007,Support Analyst,Hyderabad,2025-02-13,Full-Time
EMP0525,Neha Gupta,Male,D007,Senior Support Executive,Hyderabad,2024-07-28,Full-Time
EMP0526,Ishaan Kumar,Male,D004,Sales Executive,Delhi,2019-05-17,Full-Time
EMP0527,Rohan Patel,Male,D004,Sales Analyst,Delhi,2023-12-08,Full-Time
EMP0528,Aarav Kumar,Female,D002,Senior Accountant,Mumbai,2021-07-30,Full-Time
EMP0529,Arjun Reddy,Female,D001,Tech Lead,Bengaluru,2024-05-20,Full-Time
EMP0530,Riya Reddy,Female,D007,Senior Support Executive,Hyderabad,2023-07-11,Full-Time
EMP0531,Sneha Iyer,Female,D007,Support Manager,Hyderabad,2024-12-03,Full-Time
EMP0532,Kavya Joshi,Male,D008,Admin Analyst,Chennai,2023-01-01,Full-Time
EMP0533,Arjun Das,Male,D008,Admin Analyst,Chennai,2021-07-09,Full-Time
EMP0534,Aisha Mehta,Female,D005,Marketing Executive,Mumbai,2019-09-30,Full-Time
EMP0535,Aisha Gupta,Male,D006,Senior Operations Executive,Pune,2021-08-04,Full-Time
EMP0536,Nikhil Reddy,Female,D008,Admin Executive,Chennai,2024-02-16,Contract
EMP0537,Diya Rao,Female,D007,Support Analyst,Hyderabad,2021-01-11,Part-Time
EMP0538,Aarav Iyer,Male,D002,Senior Accountant,Mumbai,2020-10-05,Full-Time
EMP0539,Arjun Patel,Female,D004,Sales Analyst,Delhi,2019-10-18,Full-Time
EMP0540,Riya Kumar,Female,D001,Senior Software Engineer,Bengaluru,2023-04-17,Contract
EMP0541,Meera Gupta,Male,D008,Admin Executive,Chennai,2025-04-26,Full-Time
EMP0542,Arjun Patel,Male,D005,Marketing Analyst,Mumbai,2022-07-25,Full-Time
EMP0543,Ira Nair,Male,D002,Accountant,Mumbai,2025-04-19,Full-Time
EMP0544,Kabir Das,Male,D006,Senior Operations Executive,Pune,2019-01-19,Full-Time
EMP0545,Rahul Nair,Male,D005,Marketing Analyst,Mumbai,2023-03-28,Contract
EMP0546,Vivaan Singh,Female,D003,HR Executive,Bengaluru,2022-03-30,Full-Time
EMP0547,Diya Nair,Male,D001,Software Engineer,Bengaluru,2019-10-01,Full-Time
EMP0548,Arjun Sharma,Male,D006,Operations Executive,Pune,2025-08-22,Full-Time
EMP0549,Riya Chopra,Male,D005,Marketing Analyst,Mumbai,2023-01-13,Part-Time
EMP0550,Ira Nair,Female,D006,Operations Analyst,Pune,2019-08-08,Full-Time
EMP0551,Ishaan Gupta,Female,D005,Marketing Executive,Mumbai,2023-04-27,Full-Time
EMP0552,Priya Kumar,Male,D007,Support Executive,Hyderabad,2024-03-17,Full-Time
EMP0553,Karan Iyer,Male,D005,Marketing Executive,Mumbai,2020-08-11,Contract
EMP0554,Riya Mehta,Male,D005,Marketing Executive,Mumbai,2023-09-11,Full-Time
EMP0555,Priya Iyer,Male,D007,Support Manager,Hyderabad,2025-07-09,Contract
EMP0556,Ananya Das,Male,D004,Sales Executive,Delhi,2024-11-30,Full-Time
EMP0557,Meera Das,Male,D001,Senior Software Engineer,Bengaluru,2019-11-02,Full-Time
EMP0558,Kavya Das,Male,D001,Software Engineer,Bengaluru,2025-01-27,Full-Time
EMP0559,Priya Reddy,Female,D006,Operations Executive,Pune,2022-09-04,Full-Time
EMP0560,Riya Kumar,Male,D006,Operations Analyst,Pune,2025-12-03,Full-Time
EMP0561,Ira Rao,Male,D006,Operations Manager,Pune,2023-12-21,Full-Time
EMP0562,Ira Patel,Male,D002,Accountant,Mumbai,2020-01-02,Full-Time
EMP0563,Neha Kumar,Female,D001,Software Engineer,Bengaluru,2022-02-11,Full-Time
EMP0564,Rahul Sharma,Female,D001,Software Engineer,Bengaluru,2021-11-03,Part-Time
EMP0565,Aarav Kumar,Female,D003,HR Analyst,Bengaluru,2024-02-17,Full-Time
EMP0566,Aditya Menon,Male,D005,Marketing Analyst,Mumbai,2022-04-15,Contract
EMP0567,Riya Kumar,Male,D004,Sales Analyst,Delhi,2022-09-28,Full-Time
EMP0568,Karan Rao,Male,D004,Sales Executive,Delhi,2025-04-02,Full-Time
EMP0569,Ananya Iyer,Male,D007,Support Manager,Hyderabad,2020-10-24,Full-Time
EMP0570,Ishaan Iyer,Female,D003,HR Analyst,Bengaluru,2024-02-22,Full-Time
EMP0571,Kavya Singh,Male,D004,Sales Executive,Delhi,2022-08-19,Full-Time
EMP0572,Karan Mehta,Male,D006,Operations Analyst,Pune,2019-09-02,Full-Time
EMP0573,Rahul Patel,Male,D004,Sales Analyst,Delhi,2024-11-18,Contract
EMP0574,Rohan Mehta,Male,D006,Operations Executive,Pune,2024-12-21,Contract
EMP0575,Neha Patel,Male,D007,Support Executive,Hyderabad,2021-02-09,Full-Time
EMP0576,Arjun Reddy,Male,D008,Senior Admin Executive,Chennai,2025-07-19,Full-Time
EMP0577,Neha Iyer,Female,D001,Software Engineer,Bengaluru,2020-05-05,Full-Time
EMP0578,Aarav Patel,Female,D007,Support Analyst,Hyderabad,2023-03-03,Full-Time
EMP0579,Rohan Rao,Female,D004,Sales Executive,Delhi,2022-11-26,Full-Time
EMP0580,Nikhil Das,Female,D002,Senior Accountant,Mumbai,2024-09-26,Full-Time
EMP0581,Arjun Chopra,Female,D004,Sales Manager,Delhi,2023-11-15,Full-Time
EMP0582,Aditya Reddy,Male,D008,Senior Admin Executive,Chennai,2025-01-10,Contract
EMP0583,Ira Singh,Male,D004,Sales Manager,Delhi,2021-02-26,Full-Time
EMP0584,Meera Reddy,Female,D003,HR Manager,Bengaluru,2022-01-23,Full-Time
EMP0585,Ira Joshi,Male,D006,Operations Executive,Pune,2025-12-07,Full-Time
EMP0586,Ishaan Menon,Female,D002,Accountant,Mumbai,2019-03-14,Full-Time
EMP0587,Kavya Singh,Male,D001,Tech Lead,Bengaluru,2019-06-28,Part-Time
EMP0588,Rohan Kumar,Male,D001,Software Engineer,Bengaluru,2023-07-16,Full-Time
EMP0589,Neha Das,Male,D001,Software Engineer,Bengaluru,2022-04-30,Full-Time
EMP0590,Diya Iyer,Female,D001,Software Engineer,Bengaluru,2025-03-13,Part-Time
EMP0591,Neha Sharma,Male,D001,Tech Lead,Bengaluru,2023-01-30,Contract
EMP0592,Riya Singh,Male,D006,Operations Executive,Pune,2019-08-20,Full-Time
EMP0593,Vivaan Singh,Male,D002,Senior Accountant,Mumbai,2025-01-29,Part-Time
EMP0594,Sneha Das,Female,D003,HR Executive,Bengaluru,2025-03-12,Part-Time
EMP0595,Meera Kumar,Male,D007,Support Analyst,Hyderabad,2022-07-31,Full-Time
EMP0596,Neha Singh,Male,D004,Regional Sales Manager,Delhi,2022-04-22,Full-Time
EMP0597,Karan Menon,Female,D006,Operations Executive,Pune,2022-09-12,Full-Time
EMP0598,Aarav Verma,Female,D001,Senior Software Engineer,Bengaluru,2020-01-22,Full-Time
EMP0599,Kavya Chopra,Male,D002,Accountant,Mumbai,2022-02-20,Part-Time
EMP0600,Riya Kumar,Male,D001,Tech Lead,Bengaluru,2020-01-18,Full-Time
EMP0601,Sneha Joshi,Male,D001,Tech Lead,Bengaluru,2019-04-26,Full-Time
EMP0602,Priya Nair,Male,D002,Finance Analyst,Mumbai,2021-12-09,Full-Time
EMP0603,Priya Mehta,Female,D001,Software Engineer,Bengaluru,2025-04-13,Full-Time
EMP0604,Aisha Sharma,Female,D001,Software Engineer,Bengaluru,2019-12-18,Full-Time
EMP0605,Vivaan Patel,Male,D001,Software Engineer,Bengaluru,2019-03-20,Full-Time
EMP0606,Vivaan Sharma,Female,D004,Sales Analyst,Delhi,2021-07-09,Full-Time
EMP0607,Aditya Rao,Female,D002,Senior Accountant,Mumbai,2019-12-06,Full-Time
EMP0608,Vivaan Singh,Female,D004,Sales Manager,Delhi,2021-07-27,Full-Time
EMP0609,Riya Kumar,Male,D004,Sales Analyst,Delhi,2021-09-25,Part-Time
EMP0610,Arjun Nair,Male,D006,Operations Executive,Pune,2022-12-20,Full-Time
EMP0611,Aarav Patel,Female,D001,Tech Lead,Bengaluru,2023-01-02,Full-Time
EMP0612,Kavya Verma,Male,D007,Senior Support Executive,Hyderabad,2020-05-27,Full-Time
EMP0613,Rohan Das,Female,D006,Operations Executive,Pune,2025-05-20,Full-Time
EMP0614,Kavya Nair,Male,D001,Software Engineer,Bengaluru,2020-04-16,Full-Time
EMP0615,Kavya Iyer,Male,D007,Support Executive,Hyderabad,2019-10-22,Full-Time
EMP0616,Kavya Gupta,Male,D007,Support Analyst,Hyderabad,2021-05-15,Full-Time
EMP0617,Kavya Verma,Male,D001,Senior Software Engineer,Bengaluru,2019-07-12,Part-Time
EMP0618,Neha Nair,Male,D002,Accountant,Mumbai,2023-11-22,Full-Time
EMP0619,Priya Iyer,Female,D007,Support Executive,Hyderabad,2021-04-19,Full-Time
EMP0620,Ananya Singh,Female,D006,Operations Executive,Pune,2021-08-08,Full-Time
EMP0621,Sneha Nair,Female,D002,Finance Analyst,Mumbai,2024-06-07,Contract
EMP0622,Neha Reddy,Male,D002,Accountant,Mumbai,2022-02-07,Contract
EMP0623,Rohan Rao,Female,D004,Sales Executive,Delhi,2024-03-31,Full-Time
EMP0624,Karan Gupta,Male,D004,Sales Executive,Delhi,2024-05-26,Full-Time
EMP0625,Ishaan Joshi,Female,D005,Marketing Analyst,Mumbai,2020-08-08,Full-Time
EMP0626,Ishaan Kumar,Male,D004,Sales Analyst,Delhi,2021-10-01,Full-Time
EMP0627,Rahul Singh,Male,D004,Sales Manager,Delhi,2022-01-09,Full-Time
EMP0628,Aarav Iyer,Male,D006,Operations Analyst,Pune,2022-05-06,Full-Time
EMP0629,Arjun Mehta,Male,D001,Manager,Bengaluru,2021-12-03,Contract
EMP0630,Rohan Iyer,Male,D002,Finance Analyst,Mumbai,2023-05-10,Part-Time
EMP0631,Aarav Reddy,Male,D006,Operations Analyst,Pune,2024-10-27,Full-Time
EMP0632,Rahul Sharma,Female,D007,Support Analyst,Hyderabad,2024-09-10,Full-Time
EMP0633,Sneha Sharma,Female,D004,Sales Analyst,Delhi,2019-08-14,Full-Time
EMP0634,Riya Reddy,Male,D005,Marketing Executive,Mumbai,2023-09-02,Full-Time
EMP0635,Kavya Gupta,Female,D001,Senior Software Engineer,Bengaluru,2019-10-11,Full-Time
EMP0636,Aarav Verma,Male,D004,Sales Executive,Delhi,2024-08-22,Full-Time
EMP0637,Karan Das,Female,D005,Marketing Executive,Mumbai,2020-03-02,Full-Time
EMP0638,Rahul Singh,Male,D002,Accountant,Mumbai,2025-03-26,Part-Time
EMP0639,Kavya Iyer,Male,D002,Finance Manager,Mumbai,2025-08-12,Full-Time
EMP0640,Kabir Mehta,Male,D004,Sales Executive,Delhi,2021-07-01,Full-Time
EMP0641,Aisha Menon,Male,D001,Software Engineer,Bengaluru,2019-06-06,Full-Time
EMP0642,Kabir Iyer,Female,D003,HR Analyst,Bengaluru,2025-05-01,Full-Time
EMP0643,Sneha Patel,Female,D002,Finance Analyst,Mumbai,2020-12-29,Full-Time
EMP0644,Aarav Joshi,Male,D003,Senior HR Executive,Bengaluru,2024-07-09,Contract
EMP0645,Karan Singh,Male,D001,Tech Lead,Bengaluru,2024-03-13,Full-Time
EMP0646,Aarav Sharma,Female,D007,Senior Support Executive,Hyderabad,2021-12-05,Full-Time
EMP0647,Rohan Singh,Male,D005,Marketing Executive,Mumbai,2019-05-24,Full-Time
EMP0648,Ira Singh,Female,D006,Operations Executive,Pune,2019-03-31,Full-Time
EMP0649,Sneha Joshi,Female,D006,Operations Executive,Pune,2025-11-11,Full-Time
EMP0650,Riya Singh,Male,D004,Regional Sales Manager,Delhi,2023-10-18,Full-Time
EMP0651,Riya Joshi,Male,D001,Software Engineer,Bengaluru,2024-11-04,Full-Time
EMP0652,Arjun Das,Female,D005,Digital Marketing Specialist,Mumbai,2021-06-17,Full-Time
EMP0653,Arjun Nair,Male,D005,Marketing Analyst,Mumbai,2023-03-13,Full-Time
EMP0654,Ishaan Kumar,Female,D006,Operations Executive,Pune,2022-06-23,Full-Time
EMP0655,Ananya Chopra,Female,D004,Sales Executive,Delhi,2025-08-01,Full-Time
EMP0656,Aditya Mehta,Male,D001,Senior Software Engineer,Bengaluru,2020-06-18,Full-Time
EMP0657,Nikhil Menon,Male,D003,HR Executive,Bengaluru,2022-03-18,Part-Time
EMP0658,Meera Patel,Male,D004,Sales Manager,Delhi,2021-11-03,Full-Time
EMP0659,Aarav Joshi,Female,D006,Operations Executive,Pune,2023-08-08,Full-Time
EMP0660,Arjun Patel,Male,D005,Marketing Executive,Mumbai,2021-05-15,Full-Time
EMP0661,Neha Verma,Female,D003,Senior HR Executive,Bengaluru,2022-01-09,Full-Time
EMP0662,Arjun Gupta,Female,D008,Admin Analyst,Chennai,2021-10-22,Full-Time
EMP0663,Riya Nair,Male,D005,Digital Marketing Specialist,Mumbai,2025-11-29,Full-Time
EMP0664,Ishaan Reddy,Female,D002,Finance Analyst,Mumbai,2025-04-02,Full-Time
EMP0665,Nikhil Iyer,Female,D001,Software Engineer,Bengaluru,2022-06-23,Part-Time
EMP0666,Nikhil Menon,Male,D001,Software Engineer,Bengaluru,2021-12-10,Full-Time
EMP0667,Kavya Menon,Male,D002,Finance Manager,Mumbai,2024-10-05,Full-Time
EMP0668,Meera Reddy,Male,D001,Tech Lead,Bengaluru,2024-06-18,Full-Time
EMP0669,Aisha Menon,Male,D002,Finance Analyst,Mumbai,2019-01-25,Full-Time
EMP0670,Kavya Chopra,Male,D003,Senior HR Executive,Bengaluru,2020-03-30,Full-Time
EMP0671,Meera Das,Male,D001,Senior Software Engineer,Bengaluru,2020-03-10,Full-Time
EMP0672,Ananya Patel,Male,D007,Support Executive,Hyderabad,2019-11-05,Full-Time
EMP0673,Nikhil Kumar,Female,D001,Manager,Bengaluru,2021-07-31,Full-Time
EMP0674,Aarav Joshi,Male,D005,Marketing Analyst,Mumbai,2021-08-11,Full-Time
EMP0675,Ira Kumar,Male,D004,Regional Sales Manager,Delhi,2024-04-11,Full-Time
EMP0676,Diya Joshi,Female,D008,Admin Executive,Chennai,2022-06-27,Full-Time
EMP0677,Diya Iyer,Female,D001,Senior Software Engineer,Bengaluru,2022-07-05,Full-Time
EMP0678,Ira Reddy,Female,D004,Sales Analyst,Delhi,2022-11-21,Full-Time
EMP0679,Aditya Chopra,Male,D008,Admin Executive,Chennai,2022-10-17,Full-Time
EMP0680,Kabir Iyer,Male,D007,Support Analyst,Hyderabad,2021-06-18,Full-Time
EMP0681,Ira Iyer,Male,D007,Support Executive,Hyderabad,2025-04-03,Full-Time
EMP0682,Nikhil Reddy,Male,D002,Finance Manager,Mumbai,2019-09-12,Full-Time
EMP0683,Diya Rao,Male,D001,Software Engineer,Bengaluru,2019-09-13,Part-Time
EMP0684,Ira Iyer,Male,D006,Operations Manager,Pune,2019-04-09,Full-Time
EMP0685,Ishaan Menon,Female,D007,Support Manager,Hyderabad,2021-12-01,Full-Time
EMP0686,Rohan Chopra,Female,D005,Marketing Analyst,Mumbai,2025-06-12,Full-Time
EMP0687,Kavya Menon,Male,D005,Marketing Executive,Mumbai,2019-11-03,Full-Time
EMP0688,Kavya Verma,Male,D002,Accountant,Mumbai,2022-12-14,Full-Time
EMP0689,Rahul Chopra,Male,D006,Operations Manager,Pune,2019-08-14,Full-Time
EMP0690,Sneha Verma,Female,D002,Senior Accountant,Mumbai,2021-05-15,Full-Time
EMP0691,Rohan Iyer,Female,D003,HR Executive,Bengaluru,2022-04-08,Full-Time
EMP0692,Sneha Menon,Female,D004,Sales Analyst,Delhi,2021-08-26,Full-Time
EMP0693,Ananya Patel,Female,D004,Sales Executive,Delhi,2021-07-15,Full-Time
EMP0694,Priya Verma,Male,D002,Finance Analyst,Mumbai,2025-11-26,Full-Time
EMP0695,Kavya Iyer,Male,D001,Senior Software Engineer,Bengaluru,2020-12-07,Full-Time
EMP0696,Aisha Chopra,Male,D005,Marketing Analyst,Mumbai,2023-02-01,Full-Time
EMP0697,Neha Das,Male,D003,Senior HR Executive,Bengaluru,2024-06-21,Full-Time
EMP0698,Ira Joshi,Male,D005,Marketing Analyst,Mumbai,2025-10-03,Full-Time
EMP0699,Nikhil Gupta,Male,D001,Software Engineer,Bengaluru,2020-08-02,Full-Time
EMP0700,Neha Rao,Male,D004,Sales Executive,Delhi,2025-09-07,Full-Time
EMP0701,Sneha Rao,Female,D005,Marketing Executive,Mumbai,2019-03-26,Full-Time
EMP0702,Kavya Sharma,Male,D001,Software Engineer,Bengaluru,2023-08-29,Full-Time
EMP0703,Diya Gupta,Female,D003,HR Executive,Bengaluru,2020-03-21,Full-Time
EMP0704,Riya Menon,Female,D001,Senior Software Engineer,Bengaluru,2021-12-30,Full-Time
EMP0705,Kavya Chopra,Male,D001,Manager,Bengaluru,2025-12-08,Full-Time
EMP0706,Nikhil Rao,Male,D008,Admin Executive,Chennai,2022-11-08,Full-Time
EMP0707,Aisha Singh,Male,D003,HR Executive,Bengaluru,2022-03-22,Full-Time
EMP0708,Neha Rao,Female,D007,Support Executive,Hyderabad,2022-04-22,Contract
EMP0709,Ishaan Nair,Female,D002,Senior Accountant,Mumbai,2021-04-28,Full-Time
EMP0710,Arjun Kumar,Female,D006,Operations Executive,Pune,2025-07-04,Full-Time
EMP0711,Ishaan Singh,Female,D006,Senior Operations Executive,Pune,2022-10-28,Contract
EMP0712,Arjun Kumar,Male,D005,Marketing Executive,Mumbai,2019-07-23,Part-Time
EMP0713,Sneha Das,Male,D004,Sales Executive,Delhi,2024-05-15,Contract
EMP0714,Rahul Chopra,Male,D004,Sales Manager,Delhi,2019-07-28,Part-Time
EMP0715,Diya Singh,Male,D003,HR Executive,Bengaluru,2020-02-23,Full-Time
EMP0716,Ishaan Joshi,Male,D007,Support Executive,Hyderabad,2023-03-26,Full-Time
EMP0717,Kavya Joshi,Female,D007,Support Analyst,Hyderabad,2023-10-22,Part-Time
EMP0718,Rohan Verma,Female,D008,Admin Analyst,Chennai,2022-03-31,Full-Time
EMP0719,Kavya Rao,Female,D001,Software Engineer,Bengaluru,2025-12-16,Full-Time
EMP0720,Diya Patel,Female,D006,Operations Analyst,Pune,2025-01-23,Contract
EMP0721,Arjun Chopra,Female,D008,Admin Analyst,Chennai,2021-03-26,Full-Time
EMP0722,Diya Patel,Male,D002,Accountant,Mumbai,2023-09-17,Full-Time
EMP0723,Sneha Singh,Female,D001,Software Engineer,Bengaluru,2025-11-02,Full-Time
EMP0724,Vivaan Nair,Male,D006,Operations Analyst,Pune,2024-07-27,Full-Time
EMP0725,Kavya Rao,Female,D005,Marketing Analyst,Mumbai,2020-02-22,Part-Time
EMP0726,Diya Mehta,Male,D007,Support Analyst,Hyderabad,2025-03-11,Full-Time
EMP0727,Sneha Singh,Female,D001,Software Engineer,Bengaluru,2022-10-31,Part-Time
EMP0728,Rohan Singh,Male,D007,Support Executive,Hyderabad,2024-06-16,Full-Time
EMP0729,Aditya Chopra,Male,D002,Finance Analyst,Mumbai,2025-06-29,Full-Time
EMP0730,Rohan Sharma,Male,D001,Software Engineer,Bengaluru,2025-11-13,Part-Time
EMP0731,Aisha Patel,Male,D001,Software Engineer,Bengaluru,2024-02-16,Full-Time
EMP0732,Aditya Kumar,Female,D007,Support Executive,Hyderabad,2025-11-26,Full-Time
EMP0733,Rahul Reddy,Female,D006,Senior Operations Executive,Pune,2023-05-24,Full-Time
EMP0734,Riya Mehta,Female,D005,Marketing Analyst,Mumbai,2022-02-17,Full-Time
EMP0735,Nikhil Gupta,Male,D003,HR Executive,Bengaluru,2020-06-06,Full-Time
EMP0736,Aisha Reddy,Male,D007,Senior Support Executive,Hyderabad,2021-04-18,Full-Time
EMP0737,Ananya Nair,Male,D004,Sales Executive,Delhi,2025-09-09,Full-Time
EMP0738,Aisha Reddy,Male,D007,Senior Support Executive,Hyderabad,2021-12-29,Full-Time
EMP0739,Kavya Chopra,Male,D004,Sales Analyst,Delhi,2023-05-27,Full-Time
EMP0740,Nikhil Chopra,Female,D004,Sales Executive,Delhi,2022-10-29,Full-Time
EMP0741,Rohan Kumar,Female,D004,Sales Executive,Delhi,2019-03-23,Full-Time
EMP0742,Ishaan Mehta,Male,D003,HR Analyst,Bengaluru,2024-04-16,Full-Time
EMP0743,Nikhil Chopra,Female,D006,Senior Operations Executive,Pune,2025-12-15,Full-Time
EMP0744,Riya Chopra,Male,D004,Sales Executive,Delhi,2020-04-15,Part-Time
EMP0745,Arjun Das,Female,D002,Senior Accountant,Mumbai,2019-07-01,Full-Time
EMP0746,Ananya Verma,Male,D007,Support Executive,Hyderabad,2025-08-16,Full-Time
EMP0747,Ananya Chopra,Male,D004,Sales Executive,Delhi,2022-01-30,Contract
EMP0748,Neha Patel,Female,D005,Marketing Analyst,Mumbai,2019-10-08,Full-Time
EMP0749,Rohan Mehta,Female,D007,Senior Support Executive,Hyderabad,2021-08-27,Full-Time
EMP0750,Riya Sharma,Male,D006,Operations Manager,Pune,2020-05-16,Contract
EMP0751,Rohan Chopra,Female,D001,Manager,Bengaluru,2025-03-15,Full-Time
EMP0752,Riya Rao,Male,D008,Admin Executive,Chennai,2023-11-25,Full-Time
EMP0753,Vivaan Nair,Female,D006,Operations Executive,Pune,2020-06-08,Full-Time
EMP0754,Karan Sharma,Male,D003,Senior HR Executive,Bengaluru,2019-12-24,Part-Time
EMP0755,Aisha Menon,Male,D001,Senior Software Engineer,Bengaluru,2019-07-19,Contract
EMP0756,Nikhil Mehta,Male,D007,Senior Support Executive,Hyderabad,2022-06-26,Full-Time
EMP0757,Karan Mehta,Female,D006,Senior Operations Executive,Pune,2020-07-02,Full-Time
EMP0758,Rahul Reddy,Male,D005,Marketing Executive,Mumbai,2020-11-08,Full-Time
EMP0759,Karan Iyer,Male,D007,Support Analyst,Hyderabad,2023-04-14,Full-Time
EMP0760,Meera Patel,Female,D006,Operations Analyst,Pune,2021-12-01,Full-Time
EMP0761,Aditya Nair,Female,D001,Senior Software Engineer,Bengaluru,2022-02-26,Full-Time
EMP0762,Vivaan Joshi,Female,D003,HR Analyst,Bengaluru,2023-05-21,Full-Time
EMP0763,Sneha Verma,Male,D002,Senior Accountant,Mumbai,2020-06-19,Full-Time
EMP0764,Ananya Menon,Male,D006,Operations Manager,Pune,2019-04-15,Full-Time
EMP0765,Arjun Menon,Male,D001,Software Engineer,Bengaluru,2025-11-01,Full-Time
EMP0766,Vivaan Verma,Female,D005,Marketing Executive,Mumbai,2024-05-27,Part-Time
EMP0767,Nikhil Verma,Male,D006,Senior Operations Executive,Pune,2023-05-23,Full-Time
EMP0768,Aditya Joshi,Male,D007,Support Executive,Hyderabad,2025-02-03,Full-Time
EMP0769,Ishaan Singh,Female,D003,HR Executive,Bengaluru,2024-03-07,Contract
EMP0770,Aditya Das,Female,D007,Support Analyst,Hyderabad,2023-12-29,Full-Time
EMP0771,Kabir Kumar,Male,D001,Software Engineer,Bengaluru,2023-10-19,Full-Time
EMP0772,Arjun Singh,Female,D007,Support Executive,Hyderabad,2022-10-27,Part-Time
EMP0773,Arjun Joshi,Male,D001,Software Engineer,Bengaluru,2023-01-27,Full-Time
EMP0774,Neha Reddy,Male,D004,Sales Analyst,Delhi,2021-04-01,Full-Time
EMP0775,Aarav Kumar,Male,D007,Support Analyst,Hyderabad,2023-11-15,Full-Time
EMP0776,Kabir Patel,Male,D001,Software Engineer,Bengaluru,2024-06-26,Full-Time
EMP0777,Kabir Sharma,Female,D002,Accountant,Mumbai,2022-11-15,Full-Time
EMP0778,Sneha Sharma,Male,D006,Operations Executive,Pune,2024-02-16,Contract
EMP0779,Priya Nair,Female,D006,Operations Analyst,Pune,2021-11-18,Full-Time
EMP0780,Diya Iyer,Male,D006,Senior Operations Executive,Pune,2025-04-26,Full-Time
EMP0781,Nikhil Patel,Female,D006,Operations Executive,Pune,2019-03-03,Full-Time
EMP0782,Arjun Iyer,Male,D005,Marketing Manager,Mumbai,2019-04-22,Contract
EMP0783,Kabir Chopra,Female,D002,Senior Accountant,Mumbai,2020-06-03,Full-Time
EMP0784,Aditya Gupta,Male,D003,HR Executive,Bengaluru,2020-08-01,Full-Time
EMP0785,Arjun Reddy,Male,D002,Accountant,Mumbai,2024-04-29,Full-Time
EMP0786,Rahul Joshi,Female,D007,Senior Support Executive,Hyderabad,2025-06-16,Full-Time
EMP0787,Kabir Gupta,Female,D005,Marketing Executive,Mumbai,2019-05-10,Full-Time
EMP0788,Ishaan Chopra,Female,D004,Sales Executive,Delhi,2020-11-13,Full-Time
EMP0789,Rohan Verma,Male,D004,Sales Executive,Delhi,2020-02-01,Full-Time
EMP0790,Vivaan Gupta,Female,D008,Admin Executive,Chennai,2024-07-25,Full-Time
EMP0791,Kavya Verma,Female,D001,Software Engineer,Bengaluru,2021-08-05,Full-Time
EMP0792,Neha Singh,Male,D005,Digital Marketing Specialist,Mumbai,2022-07-11,Part-Time
EMP0793,Neha Patel,Female,D004,Sales Manager,Delhi,2019-11-24,Full-Time
EMP0794,Aarav Chopra,Male,D005,Marketing Executive,Mumbai,2019-06-18,Full-Time
EMP0795,Kabir Sharma,Male,D001,Manager,Bengaluru,2020-06-07,Full-Time
EMP0796,Aarav Verma,Male,D007,Support Analyst,Hyderabad,2025-05-05,Full-Time
EMP0797,Sneha Nair,Male,D008,Senior Admin Executive,Chennai,2023-09-08,Full-Time
EMP0798,Nikhil Sharma,Male,D005,Digital Marketing Specialist,Mumbai,2020-10-19,Full-Time
EMP0799,Ishaan Joshi,Male,D006,Operations Analyst,Pune,2024-10-18,Part-Time
EMP0800,Ira Rao,Male,D007,Support Analyst,Hyderabad,2023-08-14,Full-Time
EMP0801,Ira Patel,Female,D006,Operations Analyst,Pune,2019-09-08,Full-Time
EMP0802,Rohan Iyer,Male,D001,Tech Lead,Bengaluru,2021-01-11,Full-Time
EMP0803,Diya Rao,Female,D005,Marketing Executive,Mumbai,2025-06-28,Full-Time
EMP0804,Kavya Joshi,Male,D005,Marketing Manager,Mumbai,2023-01-15,Full-Time
EMP0805,Arjun Verma,Male,D004,Sales Executive,Delhi,2022-04-11,Full-Time
EMP0806,Nikhil Reddy,Male,D006,Operations Analyst,Pune,2021-07-19,Full-Time
EMP0807,Vivaan Nair,Female,D008,Admin Executive,Chennai,2022-04-30,Full-Time
EMP0808,Riya Sharma,Male,D007,Senior Support Executive,Hyderabad,2023-04-14,Full-Time
EMP0809,Aarav Rao,Female,D004,Sales Executive,Delhi,2022-11-17,Full-Time
EMP0810,Karan Gupta,Male,D001,Tech Lead,Bengaluru,2020-07-09,Full-Time
EMP0811,Kabir Reddy,Female,D008,Admin Manager,Chennai,2023-10-06,Full-Time
EMP0812,Aarav Iyer,Male,D007,Support Manager,Hyderabad,2022-10-02,Full-Time
EMP0813,Vivaan Menon,Male,D001,Senior Software Engineer,Bengaluru,2025-03-17,Full-Time
EMP0814,Aisha Mehta,Female,D007,Support Analyst,Hyderabad,2021-05-20,Full-Time
EMP0815,Rohan Reddy,Female,D007,Support Manager,Hyderabad,2019-02-07,Full-Time
EMP0816,Riya Reddy,Female,D004,Sales Executive,Delhi,2021-03-29,Part-Time
EMP0817,Priya Nair,Female,D005,Marketing Executive,Mumbai,2025-04-27,Full-Time
EMP0818,Aarav Menon,Female,D004,Sales Manager,Delhi,2022-12-09,Full-Time
EMP0819,Ira Gupta,Female,D001,Senior Software Engineer,Bengaluru,2024-08-25,Full-Time
EMP0820,Karan Patel,Male,D003,Senior HR Executive,Bengaluru,2020-12-28,Full-Time
EMP0821,Sneha Chopra,Female,D007,Support Executive,Hyderabad,2025-12-29,Contract
EMP0822,Kabir Joshi,Male,D001,Software Engineer,Bengaluru,2021-09-04,Full-Time
EMP0823,Meera Chopra,Male,D003,HR Executive,Bengaluru,2025-11-26,Full-Time
EMP0824,Meera Mehta,Female,D004,Sales Analyst,Delhi,2020-02-05,Full-Time
EMP0825,Meera Sharma,Female,D005,Marketing Executive,Mumbai,2023-01-03,Full-Time
EMP0826,Neha Verma,Male,D007,Senior Support Executive,Hyderabad,2021-07-17,Contract
EMP0827,Ananya Verma,Female,D003,HR Manager,Bengaluru,2020-08-18,Full-Time
EMP0828,Riya Kumar,Male,D003,Senior HR Executive,Bengaluru,2019-08-10,Full-Time
EMP0829,Ananya Singh,Female,D006,Operations Analyst,Pune,2020-06-07,Full-Time
EMP0830,Rohan Kumar,Male,D004,Sales Executive,Delhi,2022-07-30,Full-Time
EMP0831,Priya Chopra,Male,D002,Senior Accountant,Mumbai,2021-02-07,Contract
EMP0832,Nikhil Sharma,Female,D004,Sales Analyst,Delhi,2025-12-28,Part-Time
EMP0833,Aisha Patel,Male,D001,Senior Software Engineer,Bengaluru,2020-05-10,Full-Time
EMP0834,Aisha Nair,Female,D001,Software Engineer,Bengaluru,2019-05-17,Full-Time
EMP0835,Ananya Chopra,Male,D004,Sales Analyst,Delhi,2024-10-01,Full-Time
EMP0836,Ananya Rao,Female,D004,Sales Manager,Delhi,2021-09-16,Full-Time
EMP0837,Aisha Singh,Female,D007,Support Executive,Hyderabad,2024-04-29,Full-Time
EMP0838,Vivaan Verma,Male,D004,Sales Analyst,Delhi,2019-02-28,Full-Time
EMP0839,Nikhil Kumar,Male,D005,Digital Marketing Specialist,Mumbai,2025-10-22,Full-Time
EMP0840,Ananya Iyer,Male,D006,Operations Manager,Pune,2023-09-13,Full-Time
EMP0841,Aisha Joshi,Female,D001,Software Engineer,Bengaluru,2021-11-04,Full-Time
EMP0842,Rahul Reddy,Female,D006,Operations Executive,Pune,2021-12-28,Full-Time
EMP0843,Sneha Verma,Male,D001,Manager,Bengaluru,2023-08-09,Full-Time
EMP0844,Vivaan Patel,Female,D008,Admin Executive,Chennai,2024-10-15,Part-Time
EMP0845,Diya Das,Male,D001,Tech Lead,Bengaluru,2023-02-12,Full-Time
EMP0846,Kabir Menon,Female,D004,Sales Manager,Delhi,2025-08-15,Full-Time
EMP0847,Aarav Patel,Female,D001,Senior Software Engineer,Bengaluru,2021-12-06,Full-Time
EMP0848,Vivaan Verma,Male,D008,Senior Admin Executive,Chennai,2020-10-29,Full-Time
EMP0849,Kavya Joshi,Male,D004,Sales Analyst,Delhi,2021-12-01,Full-Time
EMP0850,Kabir Sharma,Male,D005,Marketing Executive,Mumbai,2025-06-14,Full-Time
EMP0851,Vivaan Iyer,Male,D001,Tech Lead,Bengaluru,2024-10-11,Full-Time
EMP0852,Kavya Nair,Male,D006,Senior Operations Executive,Pune,2024-03-09,Full-Time
EMP0853,Aditya Joshi,Female,D002,Finance Manager,Mumbai,2025-09-22,Full-Time
EMP0854,Karan Kumar,Male,D007,Support Executive,Hyderabad,2024-04-23,Full-Time
EMP0855,Rahul Kumar,Female,D002,Accountant,Mumbai,2025-11-07,Full-Time
EMP0856,Neha Iyer,Male,D002,Senior Accountant,Mumbai,2019-08-22,Full-Time
EMP0857,Neha Chopra,Male,D001,Software Engineer,Bengaluru,2023-06-28,Full-Time
EMP0858,Aditya Rao,Female,D004,Regional Sales Manager,Delhi,2023-10-08,Full-Time
EMP0859,Karan Joshi,Female,D005,Marketing Manager,Mumbai,2021-02-08,Full-Time
EMP0860,Nikhil Patel,Male,D001,Senior Software Engineer,Bengaluru,2020-12-13,Full-Time
EMP0861,Karan Mehta,Female,D006,Operations Manager,Pune,2025-10-27,Full-Time
EMP0862,Kabir Sharma,Female,D004,Sales Analyst,Delhi,2025-04-01,Full-Time
EMP0863,Ishaan Chopra,Female,D005,Marketing Analyst,Mumbai,2019-05-17,Full-Time
EMP0864,Meera Menon,Female,D004,Sales Executive,Delhi,2022-07-28,Full-Time
EMP0865,Sneha Das,Male,D004,Sales Executive,Delhi,2023-09-08,Full-Time
EMP0866,Priya Joshi,Male,D005,Marketing Executive,Mumbai,2022-05-27,Full-Time
EMP0867,Rahul Sharma,Female,D001,Tech Lead,Bengaluru,2024-03-16,Full-Time
EMP0868,Rohan Menon,Female,D002,Finance Manager,Mumbai,2020-02-09,Full-Time
EMP0869,Nikhil Reddy,Male,D007,Senior Support Executive,Hyderabad,2022-07-23,Full-Time
EMP0870,Arjun Iyer,Male,D008,Admin Manager,Chennai,2021-07-09,Full-Time
EMP0871,Arjun Mehta,Male,D004,Sales Analyst,Delhi,2021-04-03,Full-Time
EMP0872,Aisha Iyer,Male,D002,Accountant,Mumbai,2022-12-09,Full-Time
EMP0873,Ishaan Joshi,Female,D006,Operations Executive,Pune,2023-10-27,Full-Time
EMP0874,Karan Reddy,Male,D004,Sales Executive,Delhi,2019-08-19,Contract
EMP0875,Diya Sharma,Female,D001,Senior Software Engineer,Bengaluru,2020-03-14,Full-Time
EMP0876,Karan Chopra,Female,D001,Senior Software Engineer,Bengaluru,2020-09-17,Full-Time
EMP0877,Riya Das,Female,D006,Operations Executive,Pune,2025-08-01,Full-Time
EMP0878,Ananya Nair,Male,D006,Operations Executive,Pune,2024-11-02,Full-Time
EMP0879,Ishaan Nair,Male,D001,Senior Software Engineer,Bengaluru,2024-02-24,Full-Time
EMP0880,Karan Sharma,Female,D002,Senior Accountant,Mumbai,2023-08-30,Full-Time
EMP0881,Riya Menon,Female,D002,Finance Analyst,Mumbai,2025-07-12,Contract
EMP0882,Kavya Singh,Female,D006,Operations Analyst,Pune,2021-05-30,Full-Time
EMP0883,Rahul Singh,Female,D001,Manager,Bengaluru,2025-08-20,Full-Time
EMP0884,Nikhil Joshi,Male,D001,Software Engineer,Bengaluru,2020-05-17,Full-Time
EMP0885,Ananya Singh,Female,D007,Senior Support Executive,Hyderabad,2021-09-01,Full-Time
EMP0886,Riya Menon,Male,D001,Software Engineer,Bengaluru,2019-07-01,Full-Time
EMP0887,Diya Rao,Male,D006,Senior Operations Executive,Pune,2022-01-14,Full-Time
EMP0888,Riya Nair,Female,D002,Finance Analyst,Mumbai,2019-05-13,Full-Time
EMP0889,Ananya Nair,Male,D001,Software Engineer,Bengaluru,2022-09-19,Full-Time
EMP0890,Sneha Nair,Male,D002,Senior Accountant,Mumbai,2024-05-17,Part-Time
EMP0891,Sneha Joshi,Female,D006,Operations Executive,Pune,2023-07-25,Full-Time
EMP0892,Kavya Mehta,Female,D007,Support Analyst,Hyderabad,2021-04-06,Full-Time
EMP0893,Nikhil Verma,Male,D007,Support Analyst,Hyderabad,2025-06-20,Contract
EMP0894,Sneha Menon,Female,D004,Sales Analyst,Delhi,2020-12-02,Full-Time
EMP0895,Neha Kumar,Female,D006,Operations Analyst,Pune,2020-07-05,Full-Time
EMP0896,Sneha Sharma,Male,D002,Finance Manager,Mumbai,2021-07-02,Full-Time
EMP0897,Kabir Singh,Male,D003,HR Analyst,Bengaluru,2021-05-27,Full-Time
EMP0898,Aarav Iyer,Male,D007,Support Executive,Hyderabad,2019-08-22,Full-Time
EMP0899,Ira Iyer,Male,D001,Senior Software Engineer,Bengaluru,2019-02-04,Full-Time
EMP0900,Ishaan Verma,Female,D001,Software Engineer,Bengaluru,2019-12-10,Full-Time
EMP0901,Vivaan Iyer,Male,D002,Senior Accountant,Mumbai,2024-04-05,Full-Time
EMP0902,Sneha Rao,Male,D001,Senior Software Engineer,Bengaluru,2021-10-17,Full-Time
EMP0903,Rohan Mehta,Female,D002,Accountant,Mumbai,2025-03-26,Full-Time
EMP0904,Vivaan Kumar,Female,D005,Marketing Executive,Mumbai,2019-11-22,Full-Time
EMP0905,Rahul Reddy,Female,D004,Sales Analyst,Delhi,2019-06-14,Full-Time
EMP0906,Kabir Singh,Female,D007,Support Analyst,Hyderabad,2019-04-02,Full-Time
EMP0907,Arjun Rao,Male,D007,Support Executive,Hyderabad,2021-03-09,Full-Time
EMP0908,Kabir Singh,Female,D003,Senior HR Executive,Bengaluru,2023-03-13,Full-Time
EMP0909,Ishaan Singh,Female,D002,Accountant,Mumbai,2020-12-17,Full-Time
EMP0910,Aisha Mehta,Male,D004,Sales Analyst,Delhi,2019-05-29,Contract
EMP0911,Nikhil Patel,Female,D005,Marketing Executive,Mumbai,2025-05-11,Contract
EMP0912,Meera Menon,Male,D002,Senior Accountant,Mumbai,2024-12-28,Full-Time
EMP0913,Diya Joshi,Female,D006,Operations Analyst,Pune,2023-06-18,Full-Time
EMP0914,Ananya Reddy,Female,D004,Sales Manager,Delhi,2025-02-02,Full-Time
EMP0915,Diya Verma,Male,D005,Marketing Analyst,Mumbai,2025-08-07,Full-Time
EMP0916,Rohan Patel,Male,D004,Sales Executive,Delhi,2025-04-15,Full-Time
EMP0917,Rohan Nair,Male,D003,Senior HR Executive,Bengaluru,2024-09-29,Full-Time
EMP0918,Ananya Joshi,Female,D008,Senior Admin Executive,Chennai,2019-10-29,Full-Time
EMP0919,Kavya Reddy,Female,D006,Operations Analyst,Pune,2022-08-08,Full-Time
EMP0920,Nikhil Joshi,Male,D001,Senior Software Engineer,Bengaluru,2024-12-15,Full-Time
EMP0921,Ananya Chopra,Male,D007,Support Analyst,Hyderabad,2021-03-21,Full-Time
EMP0922,Ishaan Chopra,Female,D004,Sales Executive,Delhi,2022-12-16,Full-Time
EMP0923,Ananya Gupta,Male,D007,Senior Support Executive,Hyderabad,2020-08-22,Full-Time
EMP0924,Aarav Kumar,Male,D007,Support Executive,Hyderabad,2024-12-20,Full-Time
EMP0925,Diya Nair,Female,D004,Sales Executive,Delhi,2020-04-15,Full-Time
EMP0926,Ananya Menon,Female,D001,Software Engineer,Bengaluru,2021-05-14,Full-Time
EMP0927,Vivaan Nair,Female,D002,Finance Analyst,Mumbai,2022-05-16,Full-Time
EMP0928,Sneha Gupta,Male,D005,Marketing Analyst,Mumbai,2021-08-04,Full-Time
EMP0929,Nikhil Das,Male,D006,Operations Analyst,Pune,2022-08-01,Full-Time
EMP0930,Nikhil Patel,Male,D002,Senior Accountant,Mumbai,2020-03-01,Full-Time
EMP0931,Vivaan Das,Male,D001,Software Engineer,Bengaluru,2021-08-24,Full-Time
EMP0932,Ira Singh,Female,D007,Senior Support Executive,Hyderabad,2023-05-08,Full-Time
EMP0933,Rahul Nair,Male,D008,Admin Analyst,Chennai,2019-05-26,Part-Time
EMP0934,Kabir Iyer,Male,D005,Marketing Executive,Mumbai,2025-11-16,Full-Time
EMP0935,Karan Mehta,Male,D001,Tech Lead,Bengaluru,2022-09-22,Full-Time
EMP0936,Nikhil Menon,Female,D002,Senior Accountant,Mumbai,2019-08-27,Full-Time
EMP0937,Vivaan Sharma,Female,D001,Software Engineer,Bengaluru,2024-06-19,Full-Time
EMP0938,Rahul Joshi,Female,D007,Senior Support Executive,Hyderabad,2024-07-15,Full-Time
EMP0939,Rahul Iyer,Female,D001,Tech Lead,Bengaluru,2024-02-04,Full-Time
EMP0940,Vivaan Chopra,Male,D005,Marketing Executive,Mumbai,2022-07-28,Full-Time
EMP0941,Vivaan Reddy,Male,D002,Senior Accountant,Mumbai,2019-08-13,Full-Time
EMP0942,Arjun Rao,Female,D005,Marketing Analyst,Mumbai,2025-01-20,Full-Time
EMP0943,Nikhil Rao,Female,D006,Senior Operations Executive,Pune,2020-12-16,Full-Time
EMP0944,Aarav Chopra,Female,D007,Support Analyst,Hyderabad,2022-02-03,Full-Time
EMP0945,Aarav Patel,Female,D002,Accountant,Mumbai,2024-11-22,Contract
EMP0946,Riya Chopra,Male,D001,Senior Software Engineer,Bengaluru,2024-02-19,Full-Time
EMP0947,Vivaan Mehta,Female,D001,Software Engineer,Bengaluru,2023-02-28,Full-Time
EMP0948,Sneha Chopra,Female,D007,Support Analyst,Hyderabad,2021-09-18,Full-Time
EMP0949,Sneha Verma,Female,D007,Support Manager,Hyderabad,2020-12-17,Full-Time
EMP0950,Rahul Nair,Male,D005,Digital Marketing Specialist,Mumbai,2025-07-31,Contract
EMP0951,Kavya Patel,Male,D005,Marketing Analyst,Mumbai,2019-02-12,Full-Time
EMP0952,Ira Chopra,Male,D006,Operations Executive,Pune,2024-08-10,Full-Time
EMP0953,Ananya Rao,Female,D001,Senior Software Engineer,Bengaluru,2022-09-10,Full-Time
EMP0954,Rahul Das,Female,D007,Support Executive,Hyderabad,2021-04-29,Full-Time
EMP0955,Priya Iyer,Male,D004,Sales Executive,Delhi,2025-10-28,Full-Time
EMP0956,Karan Verma,Female,D004,Regional Sales Manager,Delhi,2024-02-05,Full-Time
EMP0957,Nikhil Reddy,Male,D004,Sales Analyst,Delhi,2023-12-19,Part-Time
EMP0958,Ira Kumar,Female,D001,Software Engineer,Bengaluru,2020-12-29,Full-Time
EMP0959,Rahul Patel,Female,D001,Senior Software Engineer,Bengaluru,2025-09-29,Full-Time
EMP0960,Rahul Gupta,Male,D006,Operations Executive,Pune,2025-08-22,Full-Time
EMP0961,Diya Mehta,Male,D001,Software Engineer,Bengaluru,2024-12-25,Full-Time
EMP0962,Kavya Singh,Male,D005,Digital Marketing Specialist,Mumbai,2022-09-16,Full-Time
EMP0963,Kavya Das,Male,D002,Accountant,Mumbai,2024-01-24,Full-Time
EMP0964,Sneha Singh,Female,D004,Sales Analyst,Delhi,2022-03-05,Full-Time
EMP0965,Ananya Singh,Female,D003,Senior HR Executive,Bengaluru,2024-02-29,Full-Time
EMP0966,Diya Menon,Male,D003,HR Executive,Bengaluru,2020-12-15,Full-Time
EMP0967,Aisha Joshi,Female,D006,Operations Executive,Pune,2020-07-13,Full-Time
EMP0968,Rohan Gupta,Male,D003,HR Analyst,Bengaluru,2022-01-04,Full-Time
EMP0969,Vivaan Gupta,Male,D005,Marketing Executive,Mumbai,2024-11-05,Contract
EMP0970,Aisha Chopra,Male,D004,Sales Manager,Delhi,2023-10-03,Part-Time
EMP0971,Riya Patel,Female,D006,Operations Analyst,Pune,2023-01-09,Full-Time
EMP0972,Meera Verma,Female,D008,Admin Executive,Chennai,2021-10-23,Full-Time
EMP0973,Diya Chopra,Female,D006,Operations Analyst,Pune,2020-07-14,Full-Time
EMP0974,Priya Iyer,Male,D002,Finance Analyst,Mumbai,2023-12-20,Part-Time
EMP0975,Diya Verma,Male,D001,Software Engineer,Bengaluru,2024-10-12,Full-Time
EMP0976,Vivaan Nair,Male,D002,Accountant,Mumbai,2023-05-07,Full-Time
EMP0977,Karan Nair,Female,D005,Marketing Analyst,Mumbai,2024-10-21,Part-Time
EMP0978,Meera Singh,Female,D001,Software Engineer,Bengaluru,2023-12-12,Full-Time
EMP0979,Ananya Sharma,Female,D004,Sales Analyst,Delhi,2019-01-10,Full-Time
EMP0980,Kabir Iyer,Female,D005,Marketing Executive,Mumbai,2020-01-11,Full-Time
EMP0981,Vivaan Iyer,Male,D003,HR Executive,Bengaluru,2023-07-25,Full-Time
EMP0982,Aisha Sharma,Female,D006,Operations Analyst,Pune,2024-08-18,Contract
EMP0983,Ira Chopra,Female,D001,Senior Software Engineer,Bengaluru,2022-04-29,Part-Time
EMP0984,Rahul Gupta,Female,D001,Software Engineer,Bengaluru,2020-02-21,Full-Time
EMP0985,Kavya Das,Female,D006,Operations Executive,Pune,2022-10-20,Full-Time
EMP0986,Rahul Das,Male,D004,Sales Analyst,Delhi,2019-09-25,Full-Time
EMP0987,Karan Rao,Male,D006,Operations Manager,Pune,2022-10-07,Full-Time
EMP0988,Aarav Patel,Female,D004,Sales Analyst,Delhi,2020-06-04,Full-Time
EMP0989,Priya Joshi,Female,D002,Accountant,Mumbai,2023-09-18,Full-Time
EMP0990,Vivaan Verma,Female,D007,Support Analyst,Hyderabad,2022-04-21,Full-Time
EMP0991,Nikhil Mehta,Male,D007,Support Manager,Hyderabad,2021-09-14,Full-Time
EMP0992,Ishaan Iyer,Female,D006,Operations Executive,Pune,2021-01-05,Part-Time
EMP0993,Ira Menon,Male,D002,Accountant,Mumbai,2021-02-19,Full-Time
EMP0994,Aarav Sharma,Male,D005,Marketing Analyst,Mumbai,2025-09-24,Full-Time
EMP0995,Ishaan Sharma,Male,D004,Sales Executive,Delhi,2023-11-25,Part-Time
EMP0996,Aisha Chopra,Male,D001,Manager,Bengaluru,2021-08-31,Contract
EMP0997,Aditya Patel,Male,D007,Support Executive,Hyderabad,2019-09-10,Full-Time
EMP0998,Rahul Iyer,Male,D001,Senior Software Engineer,Bengaluru,2019-04-11,Contract
EMP0999,Neha Gupta,Female,D008,Admin Analyst,Chennai,2020-03-22,Full-Time
EMP1000,Ananya Patel,Female,D004,Sales Executive,Delhi,2019-10-05,Full-Time
